,0
0,
1,https://live.staticflickr.com/65535/49194578497_5a66ebb2e7_o.jpg
2,https://live.staticflickr.com/7882/46855409974_f68dcd8289_o.jpg
3,https://live.staticflickr.com/65535/49602994958_d7864e4b67_o.jpg
4,https://live.staticflickr.com/65535/49193668668_8f273edbaa_o.jpg
5,https://live.staticflickr.com/65535/49111173536_7d7e5b6c2e_o.jpg
6,https://live.staticflickr.com/65535/47943932338_7d5a010b83_o.jpg
7,https://live.staticflickr.com/65535/49126534586_c9a569df95_o.jpg
8,https://live.staticflickr.com/65535/48228640871_ce62b4d131_o.jpg
9,https://live.staticflickr.com/65535/49194465921_c738c064f1_o.jpg
10,https://live.staticflickr.com/1909/44810223982_99627003c8_o.jpg
11,https://live.staticflickr.com/65535/49603032658_99cb0f058c_o.jpg
12,https://live.staticflickr.com/65535/49194181631_f15b650bc4_o.jpg
13,https://live.staticflickr.com/7366/26865498202_7e86bc034e_o.jpg
14,https://live.staticflickr.com/65535/49491981641_3095728e3e_o.jpg
15,
16,https://live.staticflickr.com/752/31468057023_23dcff99f3_o.jpg
17,https://live.staticflickr.com/570/20629114585_1e8c99ffcf_o.jpg
18,https://live.staticflickr.com/7830/46452603885_f3f31e9619_o.jpg
19,https://live.staticflickr.com/7887/33491320538_55b24b53e6_o.jpg
20,https://live.staticflickr.com/8494/29036844894_9be6f1811f_o.jpg
21,https://live.staticflickr.com/4111/4965059721_b26d892e2b_o.jpg
22,https://live.staticflickr.com/1674/24099782309_bb0f474746_o.jpg
23,https://live.staticflickr.com/623/20635769081_b390ac457e_o.jpg
24,https://live.staticflickr.com/5658/20442431249_40566120a2_o.jpg
25,https://live.staticflickr.com/707/20602883736_6cc0939635_o.jpg
26,https://live.staticflickr.com/721/20635769501_f1d184b8c3_o.jpg
27,https://live.staticflickr.com/330/20051766518_50455a094a_o.jpg
28,https://live.staticflickr.com/591/20008219803_c46325faba_o.jpg
29,https://live.staticflickr.com/762/20006564954_0e6e79af6d_o.jpg
30,https://live.staticflickr.com/5779/20629114845_8d22ba248d_o.jpg
31,https://live.staticflickr.com/757/20602885516_39ed96694e_o.jpg
32,https://live.staticflickr.com/5661/30156193101_b66d069445_o.jpg
33,https://live.staticflickr.com/7233/27245390752_ee762c37bc_o.jpg
34,https://live.staticflickr.com/4903/45985149492_5344bd1723_o.jpg
35,https://live.staticflickr.com/8779/17393883735_8dc8b664a3_o.jpg
36,https://live.staticflickr.com/7848/32627154367_e4cf0384f2_o.jpg
37,https://live.staticflickr.com/6173/6135729732_55cb5d71ba_o.jpg
38,https://live.staticflickr.com/1468/25818865496_5b3e2b2853_o.jpg
39,https://live.staticflickr.com/4097/4738424834_274ec7b5da_o.jpg
40,
41,https://live.staticflickr.com/7433/12609856785_119f688d53_o.jpg
42,https://live.staticflickr.com/3900/14469406456_12361becf2_o.jpg
43,https://live.staticflickr.com/3738/11177192544_8dd2b915da_o.jpg
44,https://live.staticflickr.com/65535/49426530596_b1139d151a_o.jpg
45,https://live.staticflickr.com/6188/6135729152_bbf2266e3e_o.jpg
46,https://live.staticflickr.com/6197/6135727910_599e7aafef_o.jpg
47,
48,
49,https://live.staticflickr.com/6183/6135179593_3b66c9df35_o.jpg
50,https://live.staticflickr.com/7919/46072402485_6de73caef6_o.jpg
51,
52,https://live.staticflickr.com/7872/46934287372_c0120b17de_o.jpg
53,https://live.staticflickr.com/4851/46215781994_3d3b97a393_o.jpg
54,
55,https://live.staticflickr.com/7832/46888124272_367c1869c2_o.jpg
56,https://live.staticflickr.com/65535/47952176896_1020795b0f_o.jpg
57,https://live.staticflickr.com/4040/4608920674_d933c36c67_o.jpg
58,https://live.staticflickr.com/4824/46072414045_ab3cd1a5c6_o.jpg
59,https://live.staticflickr.com/7858/39977845163_f0fce4c401_o.jpg
60,https://live.staticflickr.com/5458/17368080046_ced785d597_o.jpg
61,https://live.staticflickr.com/2165/32858963475_ca7821d434_o.jpg
62,https://live.staticflickr.com/4378/36431028484_d0e7a56e6d_o.jpg
63,
64,https://live.staticflickr.com/65535/47952206116_e34fcbe5aa_o.jpg
65,https://live.staticflickr.com/7869/46028138295_a6cc50ca23_o.jpg
66,https://live.staticflickr.com/4858/46034972631_dfc033a436_o.jpg
67,https://live.staticflickr.com/3688/14129271338_d24b88ba4f_o.jpg
68,https://live.staticflickr.com/7159/6754803441_d8808929e3_o.jpg
69,https://live.staticflickr.com/7898/46940284581_4ab2dc86f5_o.jpg
70,https://live.staticflickr.com/7815/39977839423_51216faf01_o.jpg
71,https://live.staticflickr.com/2838/12275900975_8ee5903971_o.jpg
72,https://live.staticflickr.com/8808/17167387120_4d505982af_o.jpg
73,
74,https://live.staticflickr.com/5106/5613634301_a04da1b2ef_o.jpg
75,
76,https://live.staticflickr.com/1961/29973925617_1bed403a55_o.jpg
77,https://live.staticflickr.com/6195/6135178389_83da9b4a9b_o.jpg
78,https://live.staticflickr.com/6206/6135179157_82ea1ebd11_o.jpg
79,https://live.staticflickr.com/4849/46942060051_7c53cc18e0_o.jpg
80,https://live.staticflickr.com/8663/16685538950_a9a49ab82d_o.jpg
81,https://live.staticflickr.com/6176/6135184773_2c421eca33_o.jpg
82,
83,
84,https://live.staticflickr.com/6202/6135181105_8e47ae87ee_o.jpg
85,https://live.staticflickr.com/5084/5306649064_fdf9ebdab2_o.jpg
86,https://live.staticflickr.com/3254/3907017009_03ec774ed8_o.jpg
87,https://live.staticflickr.com/7171/6754805817_483826bae0_o.jpg
88,https://live.staticflickr.com/6062/6135727424_f8dd18122e_o.jpg
89,https://live.staticflickr.com/8258/8700576492_7dcaf263c3_o.jpg
90,https://live.staticflickr.com/1553/25628739393_eff985f8f6_o.jpg
91,https://live.staticflickr.com/1489/26035892983_bf6e7cb1ee_o.jpg
92,
93,https://live.staticflickr.com/3397/3218222174_6517d7f1f2_o.jpg
94,
95,
96,https://live.staticflickr.com/5681/22468351134_8dd2b461f3_o.jpg
97,https://live.staticflickr.com/5291/5452471039_73db897a68_o.jpg
98,https://live.staticflickr.com/8888/17354939575_51f67df43a_o.jpg
99,
100,
101,https://live.staticflickr.com/4198/34089022994_4673a03022_o.jpg
102,
103,
104,
105,https://live.staticflickr.com/7374/16355251016_4b1e36486b_o.jpg
106,https://live.staticflickr.com/7332/15761221353_c3e99f3948_o.jpg
107,https://live.staticflickr.com/7148/6754810841_b8a274ecfc_o.jpg
108,https://live.staticflickr.com/2083/2449106215_0659bedd3f_o.jpg
109,
110,https://live.staticflickr.com/5169/5306625078_826bd9116d_o.jpg
111,
112,
113,https://live.staticflickr.com/5104/5762021605_5bb8ccc905_o.jpg
114,https://live.staticflickr.com/827/41207879665_f00b1107c2_o.jpg
115,https://live.staticflickr.com/3641/3466426737_01f9b4387e_o.jpg
116,https://live.staticflickr.com/7141/6754813237_64811823f6_o.jpg
117,https://live.staticflickr.com/4247/33909231474_46a61b7ede_o.jpg
118,https://live.staticflickr.com/5204/5306052999_e3b360b2a8_o.jpg
119,https://live.staticflickr.com/719/31738353232_c39c1b290c_o.jpg
120,https://live.staticflickr.com/982/41845212621_9aefa659f7_o.jpg
121,https://live.staticflickr.com/7673/16772729043_522a321ff7_o.jpg
122,
123,
124,https://live.staticflickr.com/7030/6668888535_6cbbcd2ece_o.jpg
125,
126,
127,https://live.staticflickr.com/5122/5306030033_08d826001d_o.jpg
128,
129,https://live.staticflickr.com/5249/5306023069_09fbe25900_o.jpg
130,https://live.staticflickr.com/8633/16863729075_33af715a8f_o.jpg
131,https://live.staticflickr.com/4074/4867808460_4aa7d8a49b_o.jpg
132,https://live.staticflickr.com/5081/5306618694_4b827e697d_o.jpg
133,
134,
135,https://live.staticflickr.com/830/27056912977_1bb40b28d9_o.jpg
136,https://live.staticflickr.com/4122/4821348847_bc260956e7_o.jpg
137,
138,
139,https://live.staticflickr.com/1755/40929136540_cf19f6fb9a_o.jpg
140,https://live.staticflickr.com/7129/7542082398_2c2a44bdfb_o.jpg
141,https://live.staticflickr.com/7019/6754808603_d608677d49_o.jpg
142,https://live.staticflickr.com/4904/46060004112_9514af6e75_o.jpg
143,
144,https://live.staticflickr.com/7757/16773580183_4bc2650c34_o.jpg
145,https://live.staticflickr.com/7236/7183495504_b12da7f051_o.jpg
146,https://live.staticflickr.com/3005/5726562915_eec13067b5_o.jpg
147,
148,https://live.staticflickr.com/8753/17354949245_625cc3bb7c_o.jpg
149,
150,https://live.staticflickr.com/8732/17353048462_5156615359_o.jpg
151,
152,https://live.staticflickr.com/3807/9381358649_a6294fbee2_o.jpg
153,
154,https://live.staticflickr.com/3083/2757306957_a2db15e49b_o.jpg
155,https://live.staticflickr.com/7572/16082423115_f358973ed4_o.jpg
156,https://live.staticflickr.com/3737/9755590992_f9b794e14a_o.jpg
157,https://live.staticflickr.com/5553/14960750102_e04d5b507b_o.jpg
158,
159,
160,https://live.staticflickr.com/8737/17354580291_c35d2c89af_o.jpg
161,https://live.staticflickr.com/8461/8020504323_2bd0fe351e_o.jpg
162,
163,https://live.staticflickr.com/8813/17354582281_82beafb6b5_o.jpg
164,https://live.staticflickr.com/3576/3499427125_49537c9efc_o.jpg
165,https://live.staticflickr.com/3201/2623913266_29de3cd324_o.jpg
166,https://live.staticflickr.com/7491/16080502571_0974c543a5_o.jpg
167,https://live.staticflickr.com/7786/28096396026_772081e8ce_o.jpg
168,
169,
170,
171,
172,
173,
174,https://live.staticflickr.com/8576/15895137000_47db19aa41_o.jpg
175,
176,
177,https://live.staticflickr.com/8308/8020493397_0d5d6521e1_o.jpg
178,https://live.staticflickr.com/758/31848347336_14f5fbaeb5_o.jpg
179,https://live.staticflickr.com/8623/15896334059_c18f170560_o.jpg
180,https://live.staticflickr.com/436/31848346586_069577ac0c_o.jpg
181,https://live.staticflickr.com/5664/21646475775_891b0e3f3b_o.jpg
182,https://live.staticflickr.com/8526/8606968646_d092f2971e_o.jpg
183,https://live.staticflickr.com/7261/6876197546_6832acbf4b_o.jpg
184,https://live.staticflickr.com/5777/21338940374_805f3ac364_o.jpg
185,
186,https://live.staticflickr.com/6052/6337204067_811a1f65f5_o.jpg
187,https://live.staticflickr.com/8585/16494408679_e5209dcfd9_o.jpg
188,
189,https://live.staticflickr.com/3682/9383979812_cbf4ac4f9b_o.jpg
190,https://live.staticflickr.com/8179/8020477594_d545987cfa_o.jpg
191,https://live.staticflickr.com/6056/6337943630_1bf319970f_o.jpg
192,https://live.staticflickr.com/7402/28052544951_4140ec4411_o.jpg
193,
194,
195,https://live.staticflickr.com/5720/22908538510_09ef1ef062_o.jpg
196,https://live.staticflickr.com/5026/5873296745_86c7f61a65_o.jpg
197,https://live.staticflickr.com/6080/6028630893_134c5dc268_o.jpg
198,https://live.staticflickr.com/65535/47941602868_ab27ec7afe_o.jpg
199,
200,https://live.staticflickr.com/3430/3318855692_d567127f97_o.jpg
201,
202,https://live.staticflickr.com/944/40023890170_b8b5b676f7_o.jpg
203,https://live.staticflickr.com/65535/49301151851_0198e6d2a2_o.jpg
204,https://live.staticflickr.com/3753/8867634610_1c8aa05163_o.jpg
205,https://live.staticflickr.com/7418/10596891185_70dd810d11_o.jpg
206,https://live.staticflickr.com/7026/6754800103_b87630369c_o.jpg
207,https://live.staticflickr.com/1758/40929138250_6494052258_o.jpg
208,https://live.staticflickr.com/1749/41840063765_c9dc18bbd2_o.jpg
209,https://live.staticflickr.com/8457/8020835041_2c2b5813d1_o.jpg
210,
211,https://live.staticflickr.com/5692/31165248141_d74b503806_o.jpg
212,https://live.staticflickr.com/5338/8867054021_dd106c907e_o.jpg
213,https://live.staticflickr.com/8297/8020489540_d44a09ac75_o.jpg
214,https://live.staticflickr.com/1749/41840065145_dcafa80fca_o.jpg
215,https://live.staticflickr.com/8311/8020539416_d72846e016_o.jpg
216,https://live.staticflickr.com/7144/6553909629_03af39212d_o.jpg
217,https://live.staticflickr.com/2290/2447049248_5b1e2bbc4f_o.jpg
218,https://live.staticflickr.com/65535/49120955268_b790bd7396_o.jpg
219,
220,https://live.staticflickr.com/8170/8020523700_92406c4e9a_o.jpg
221,https://live.staticflickr.com/309/31848349366_4fe86081f9_o.jpg
222,https://live.staticflickr.com/6065/6028631739_6ac9988c75_o.jpg
223,https://live.staticflickr.com/7004/6697257197_733a3aca31_o.jpg
224,
225,https://live.staticflickr.com/2455/3907791412_ca82f0a283_o.jpg
226,https://live.staticflickr.com/8071/8343590374_887a143ff1_o.jpg
227,https://live.staticflickr.com/6114/6337990806_1758e345dc_o.jpg
228,https://live.staticflickr.com/8296/8020548767_89a7d10032_o.jpg
229,https://live.staticflickr.com/7885/46745368804_389daa67e8_o.jpg
230,https://live.staticflickr.com/7207/6956010685_1e4807660a_o.jpg
231,
232,https://live.staticflickr.com/2472/3770952701_941f2c2c51_o.jpg
233,https://live.staticflickr.com/3688/9381348803_36de42fbd5_o.jpg
234,
235,https://live.staticflickr.com/7287/28096389686_2091b8d6ea_o.jpg
236,
237,https://live.staticflickr.com/575/21435974056_e5d9bbdbfa_o.jpg
238,https://live.staticflickr.com/7009/6697119053_44a272b826_o.jpg
239,https://live.staticflickr.com/6106/6337947802_3b1d8a5057_o.jpg
240,https://live.staticflickr.com/65535/49573548347_676440f823_o.jpg
241,https://live.staticflickr.com/8109/8586081281_e2512c3e6d_o.jpg
242,https://live.staticflickr.com/1742/40929137870_85784610f8_o.jpg
243,
244,https://live.staticflickr.com/3784/11529501506_8b54fd38dc_o.jpg
245,https://live.staticflickr.com/5641/21120272020_64efe25040_o.jpg
246,https://live.staticflickr.com/8111/8606992574_57d03d002b_o.jpg
247,
248,https://live.staticflickr.com/8055/8135438814_0d6975d85e_o.jpg
249,https://live.staticflickr.com/770/31076538213_782278df5f_o.jpg
250,https://live.staticflickr.com/7035/6697102117_c42c73fa26_o.jpg
251,
252,https://live.staticflickr.com/6038/6337215239_e79d2d1f2f_o.jpg
253,https://live.staticflickr.com/397/31076540083_7bc8fb7c8b_o.jpg
254,
255,https://live.staticflickr.com/8210/8209587194_b1e3e70cc5_o.jpg
256,https://live.staticflickr.com/8533/8605871381_5a20f8d40f_o.jpg
257,https://live.staticflickr.com/8195/8135408311_9b3e477d1f_o.jpg
258,https://live.staticflickr.com/6113/6337977876_526d34753d_o.jpg
259,https://live.staticflickr.com/2583/3770952845_48d9d7fd1e_o.jpg
260,https://live.staticflickr.com/2801/4378560379_4bc4f23490_o.jpg
261,https://live.staticflickr.com/8450/8020459457_6548befd99_o.jpg
262,
263,https://live.staticflickr.com/5707/31280134315_6549e739e2_o.jpg
264,https://live.staticflickr.com/7034/6697110681_6b047455c0_o.jpg
265,https://live.staticflickr.com/5695/20333518289_3fb442ee97_o.jpg
266,
267,
268,https://live.staticflickr.com/1178/614747830_e0cca121ba_o.jpg
269,
270,https://live.staticflickr.com/2068/1951615836_b65b53cda4_o.jpg
271,https://live.staticflickr.com/1812/44194309432_e3ab015be9_o.jpg
272,https://live.staticflickr.com/7680/16734693823_2f59878fbd_o.jpg
273,https://live.staticflickr.com/8115/8606972182_025d8d2143_o.jpg
274,https://live.staticflickr.com/8304/8020824763_c0c6e911a4_o.jpg
275,
276,https://live.staticflickr.com/7357/14091645714_d47874305e_o.jpg
277,https://live.staticflickr.com/1748/40929135910_d6827c470e_o.jpg
278,https://live.staticflickr.com/3093/3161700120_a4a96dc272_o.jpg
279,
280,https://live.staticflickr.com/3708/14336134503_c5e874dc8b_o.jpg
281,https://live.staticflickr.com/3032/2447021330_0d4d62a058_o.jpg
282,https://live.staticflickr.com/6051/6337182179_1319967cb0_o.jpg
283,https://live.staticflickr.com/7071/7183512740_0e2dc6a72c_o.jpg
284,https://live.staticflickr.com/3062/2950745087_7753cb2663_o.jpg
285,https://live.staticflickr.com/5339/9381175571_e87bf13f4b_o.jpg
286,https://live.staticflickr.com/2289/2446200337_fbd0206fcd_o.jpg
287,
288,https://live.staticflickr.com/830/40133639350_73fa198a98_o.jpg
289,https://live.staticflickr.com/3191/2446198103_40e87b5ecf_o.jpg
290,
291,
292,https://live.staticflickr.com/2173/2446214291_4434d26193_o.jpg
293,https://live.staticflickr.com/2024/2319802638_1c04278bce_o.jpg
294,https://live.staticflickr.com/2411/2447015966_9806b05fdd_o.jpg
295,https://live.staticflickr.com/3374/3234280608_6c76061d92_o.jpg
296,https://live.staticflickr.com/3514/3234280606_7eb06daea6_o.jpg
297,https://live.staticflickr.com/6219/6337953136_c778312bc7_o.jpg
298,https://live.staticflickr.com/6203/6090162735_8f7eda9892_o.jpg
299,https://live.staticflickr.com/3279/2578053250_834f733d85_o.jpg
300,https://live.staticflickr.com/6110/6337207523_3555f26c38_o.jpg
301,https://live.staticflickr.com/7212/7023834223_d14e35ac98_o.jpg
302,https://live.staticflickr.com/615/22132605824_77ec4cbb81_o.jpg
303,https://live.staticflickr.com/1949/30720438867_c665481b69_o.jpg
304,https://live.staticflickr.com/6034/6337228253_d9ffc0955d_o.jpg
305,https://live.staticflickr.com/5485/10381382555_4f0b17a91c_o.jpg
306,https://live.staticflickr.com/3486/3318869906_16637db912_o.jpg
307,
308,https://live.staticflickr.com/8539/8606986522_a79d9c9cb9_o.jpg
309,https://live.staticflickr.com/2376/2447046736_956a760e7d_o.jpg
310,https://live.staticflickr.com/3104/3234280622_25c543a566_o.jpg
311,https://live.staticflickr.com/7391/27849971610_a2a206cda8_o.jpg
312,https://live.staticflickr.com/6051/6337982012_43601fcbb8_o.jpg
313,https://live.staticflickr.com/226/524644970_66d92b7c70_o.jpg
314,https://live.staticflickr.com/6109/6337237291_60c85b2140_o.jpg
315,https://live.staticflickr.com/7168/6697134681_d9b08e8e4b_o.jpg
316,https://live.staticflickr.com/3356/3318036759_51638f7ac5_o.jpg
317,https://live.staticflickr.com/7381/8867061891_7f496f5051_o.jpg
318,https://live.staticflickr.com/7017/6553905463_391b04ee45_o.jpg
319,
320,
321,https://live.staticflickr.com/8335/8135428750_d4ceb5661f_o.jpg
322,https://live.staticflickr.com/3289/2617958132_8030b813e2_o.jpg
323,
324,https://live.staticflickr.com/8190/8135414463_76103525da_o.jpg
325,https://live.staticflickr.com/3611/3421265619_fd5a3ebb31_o.jpg
326,https://live.staticflickr.com/3761/9384084850_0efe45362e_o.jpg
327,https://live.staticflickr.com/6042/6337186447_c8f2bbc87d_o.jpg
328,https://live.staticflickr.com/7458/27515772184_cd9593e41e_o.jpg
329,https://live.staticflickr.com/8100/8605892757_7fcd0e6d34_o.jpg
330,https://live.staticflickr.com/2884/8867667184_e0bbd556b5_o.jpg
331,https://live.staticflickr.com/7450/8867650094_fc5b9377fd_o.jpg
332,https://live.staticflickr.com/8125/8605865063_5b6d45aeef_o.jpg
333,https://live.staticflickr.com/3571/3687594040_a01a216e65_o.jpg
334,https://live.staticflickr.com/8499/8320503097_5d0964f93d_o.jpg
335,https://live.staticflickr.com/7356/28130977275_72dfc53dbe_o.jpg
336,https://live.staticflickr.com/8475/8135444488_d6caf7da7a_o.jpg
337,https://live.staticflickr.com/6215/6337187521_c45208856d_o.jpg
338,https://live.staticflickr.com/7285/27515402663_69bf9dc321_o.jpg
339,https://live.staticflickr.com/8426/7542083326_c7e0b84406_o.jpg
340,
341,https://live.staticflickr.com/7383/8867659868_958b1226fc_o.jpg
342,https://live.staticflickr.com/8558/8699459991_b2790385ba_o.jpg
343,https://live.staticflickr.com/3105/2446218933_80beb0a638_o.jpg
344,
345,
346,https://live.staticflickr.com/52/136182929_a6af605d96_o.jpg
347,https://live.staticflickr.com/1103/1051016451_e28677c7c0_o.jpg
348,https://live.staticflickr.com/2307/1874042991_f4ada443ab_o.jpg
349,https://live.staticflickr.com/3253/2446207221_5e30122345_o.jpg
350,https://live.staticflickr.com/6118/6337221289_b3db3b205a_o.jpg
351,https://live.staticflickr.com/8463/8135413177_301b91ba42_o.jpg
352,https://live.staticflickr.com/8475/8135417535_4c915a6b65_o.jpg
353,https://live.staticflickr.com/65535/48300888556_f2dc648da5_o.jpg
354,https://live.staticflickr.com/6100/6337975944_6fcfd6306d_o.jpg
355,https://live.staticflickr.com/6117/6337958784_0b5ce36e5f_o.jpg
356,https://live.staticflickr.com/1628/26005927391_9624dc54be_o.jpg
357,
358,https://live.staticflickr.com/7290/27849979350_7ebce555c9_o.jpg
359,https://live.staticflickr.com/7435/28131021845_a59e11cba5_o.jpg
360,https://live.staticflickr.com/8115/8605861325_df11554fbb_o.jpg
361,https://live.staticflickr.com/8043/8135449062_76a50d7e52_o.jpg
362,https://live.staticflickr.com/6213/6337202373_348631b923_o.jpg
363,https://live.staticflickr.com/8120/8605872505_3a835c30d9_o.jpg
364,https://live.staticflickr.com/3584/3500244000_330283f231_o.jpg
365,https://live.staticflickr.com/2610/4204137013_59b5b112c0_o.jpg
366,https://live.staticflickr.com/7294/27515805224_f89d06d337_o.jpg
367,https://live.staticflickr.com/7175/6697093161_9b0bcf1c66_o.jpg
368,
369,https://live.staticflickr.com/3643/3499426879_db5fcfdb94_o.jpg
370,https://live.staticflickr.com/3644/3422076724_4c55e981b0_o.jpg
371,https://live.staticflickr.com/1750/41840067915_5d25dfc011_o.jpg
372,https://live.staticflickr.com/8044/8135437726_e5afe977d9_o.jpg
373,https://live.staticflickr.com/8185/8135404543_1f848ae880_o.jpg
374,https://live.staticflickr.com/8403/8699455551_08cce25922_o.jpg
375,https://live.staticflickr.com/7238/27515465833_fd020066a6_o.jpg
376,
377,https://live.staticflickr.com/6053/6337988468_3c065a5f1a_o.jpg
378,https://live.staticflickr.com/2081/2446209797_423276e495_o.jpg
379,https://live.staticflickr.com/3229/2951596758_d3cf75b6b5_o.jpg
380,https://live.staticflickr.com/1792/43380168344_a69177f14d_o.jpg
381,https://live.staticflickr.com/4537/26612227329_c0cb3239f8_o.jpg
382,https://live.staticflickr.com/7512/27515431183_7a5afc0921_o.jpg
383,https://live.staticflickr.com/2001/2447028082_e7186ac352_o.jpg
384,https://live.staticflickr.com/8390/8605857701_d471095dda_o.jpg
385,https://live.staticflickr.com/3554/3560416508_1f095561d3_o.jpg
386,https://live.staticflickr.com/3385/3318858826_a3ab5c5df2_o.jpg
387,https://live.staticflickr.com/7477/27849990960_6d06f9fdeb_o.jpg
388,https://live.staticflickr.com/1748/40929132940_81dc6f8276_o.jpg
389,https://live.staticflickr.com/3080/2614643142_56a42316de_o.jpg
390,https://live.staticflickr.com/6036/6337936088_6c0928695f_o.jpg
391,https://live.staticflickr.com/694/31848349756_092dcfe851_o.jpg
392,https://live.staticflickr.com/8136/8699454671_bb08ec68b3_o.jpg
393,https://live.staticflickr.com/8120/8700580506_4f4542b2e1_o.jpg
394,https://live.staticflickr.com/3570/3500243320_76cc4c360b_o.jpg
395,https://live.staticflickr.com/3799/9170181985_d8d8e11bc2_o.jpg
396,https://live.staticflickr.com/1746/40929135420_55e0693ba6_o.jpg
397,https://live.staticflickr.com/3806/9381334831_be760fb552_o.jpg
398,
399,https://live.staticflickr.com/6207/6090711298_cb81b6d439_o.jpg
400,https://live.staticflickr.com/7709/28052494771_4b5bcac529_o.jpg
401,
402,https://live.staticflickr.com/7309/28131048815_e418396248_o.jpg
403,https://live.staticflickr.com/7350/28052463891_1e30e6ec24_o.jpg
404,https://live.staticflickr.com/7377/28096404696_68b31c9087_o.jpg
405,https://live.staticflickr.com/7294/27849996820_d4d26f102a_o.jpg
406,https://live.staticflickr.com/7169/6697127043_26f5cd797c_o.jpg
407,https://live.staticflickr.com/4682/38473756154_d2e4a3b09c_o.jpg
408,https://live.staticflickr.com/7533/15902083440_e696a35b39_o.jpg
409,https://live.staticflickr.com/2050/2447042346_08f03ca67d_o.jpg
410,https://live.staticflickr.com/8416/8700574900_7f7d0a65bd_o.jpg
411,https://live.staticflickr.com/76/157268166_60428ff6da_o.jpg
412,
413,https://live.staticflickr.com/3088/2578053136_f694dfc74f_o.jpg
414,https://live.staticflickr.com/7302/28052468941_9c6f8a7813_o.jpg
415,https://live.staticflickr.com/3294/2590512545_33ff737118_o.jpg
416,https://live.staticflickr.com/198/457538623_fd531a70c4_o.jpg
417,https://live.staticflickr.com/8122/8606964508_3c5ab4b930_o.jpg
418,
419,https://live.staticflickr.com/8256/8605860809_7eb69ca9c7_o.jpg
420,https://live.staticflickr.com/2450/3944548010_40f4eb8e3f_o.jpg
421,https://live.staticflickr.com/5609/15513714660_0738e75b88_o.jpg
422,https://live.staticflickr.com/7380/27849972710_5c3702049c_o.jpg
423,https://live.staticflickr.com/5493/9384055228_dbf55009a5_o.jpg
424,https://live.staticflickr.com/7413/27515473293_21fd8e622e_o.jpg
425,https://live.staticflickr.com/33/62529962_7cf0e80749_o.jpg
426,https://live.staticflickr.com/8124/8606978174_9161dff072_o.jpg
427,https://live.staticflickr.com/4054/4277212610_4ce3232438_o.jpg
428,https://live.staticflickr.com/7409/28027571712_b997d7b9b6_o.jpg
429,https://live.staticflickr.com/7311/27515693654_f607226c04_o.jpg
430,https://live.staticflickr.com/7596/28027499852_105e95d1d9_o.jpg
431,https://live.staticflickr.com/1756/41840065705_40a75994ba_o.jpg
432,https://live.staticflickr.com/8534/8605888781_dfa0f8eec1_o.jpg
433,https://live.staticflickr.com/6031/6337945034_3755299c41_o.jpg
434,https://live.staticflickr.com/3033/2502579761_1a02162d36_o.jpg
435,https://live.staticflickr.com/8360/8320500145_5fd7865ec5_o.jpg
436,https://live.staticflickr.com/1051/613978723_4515ddaf82_o.jpg
437,https://live.staticflickr.com/3557/3499427621_a578298f06_o.jpg
438,https://live.staticflickr.com/8733/17206351000_b22bc71eb1_o.jpg
439,
440,https://live.staticflickr.com/7757/28027534132_14a549afe9_o.jpg
441,https://live.staticflickr.com/2158/2075825468_25149bc16d_o.jpg
442,https://live.staticflickr.com/7338/28131024995_55e59e029f_o.jpg
443,https://live.staticflickr.com/2383/2447030396_f372ed81fd_o.jpg
444,https://live.staticflickr.com/1749/40949147640_c8546667b8_o.jpg
445,https://live.staticflickr.com/7369/27515778264_3b62acb233_o.jpg
446,https://live.staticflickr.com/7310/28027503522_3f9be50bd3_o.jpg
447,
448,
449,https://live.staticflickr.com/1396/614766080_5a4a033235_o.jpg
450,https://live.staticflickr.com/8127/8700581268_f88f842835_o.jpg
451,https://live.staticflickr.com/8185/8135435410_b3dba3a1a5_o.jpg
452,https://live.staticflickr.com/65535/47998982497_3876aa414e_o.jpg
453,https://live.staticflickr.com/4856/46060000062_bbd00d1631_o.jpg
454,
455,https://live.staticflickr.com/4027/4328347956_9a06437f34_o.jpg
456,https://live.staticflickr.com/1344/1051016461_f1ad61049a_o.jpg
457,https://live.staticflickr.com/2399/2075036761_e8b655de42_o.jpg
458,https://live.staticflickr.com/2085/1951622102_f7474594b6_o.jpg
459,https://live.staticflickr.com/7377/27515805814_c2b4473a93_o.jpg
460,
461,https://live.staticflickr.com/1731/41840067005_3b67d3093e_o.jpg
462,https://live.staticflickr.com/1109/548913805_f0ee304a22_o.jpg
463,
464,
465,https://live.staticflickr.com/1744/40929134910_8bb5882db4_o.jpg
466,https://live.staticflickr.com/3598/3421266275_43786c29c6_o.jpg
467,
468,https://live.staticflickr.com/2531/4086893062_f8b24cd794_o.jpg
469,https://live.staticflickr.com/4910/45985151152_d8dfb0e56a_o.jpg
470,https://live.staticflickr.com/1749/41840067315_8904fe20e5_o.jpg
471,https://live.staticflickr.com/8331/8135431430_6f175507b6_o.jpg
472,https://live.staticflickr.com/6046/6337941144_1825d5cd49_o.jpg
473,https://live.staticflickr.com/7701/28096383656_c56e795d02_o.jpg
474,https://live.staticflickr.com/7595/28027506622_0257f8da55_o.jpg
475,https://live.staticflickr.com/5280/5912110006_b2a9db0cb6_o.jpg
476,
477,https://live.staticflickr.com/7329/27515433003_a7cf7a12bd_o.jpg
478,https://live.staticflickr.com/1334/548914123_6a62269019_o.jpg
479,
480,https://live.staticflickr.com/6046/6337951020_62e2a15a74_o.jpg
481,
482,https://live.staticflickr.com/2648/3771753966_476032d8a0_o.jpg
483,https://live.staticflickr.com/645/31431254473_3419e85a70_o.jpg
484,https://live.staticflickr.com/8687/28512657515_ae56c4f772_o.jpg
485,
486,
487,https://live.staticflickr.com/35/111601010_bea2476544_o.jpg
488,https://live.staticflickr.com/6109/6337212989_a348951ccf_o.jpg
489,https://live.staticflickr.com/1204/548913891_8d3fd2717e_o.jpg
490,https://live.staticflickr.com/4052/4709051457_0e4e5c8a29_o.jpg
491,https://live.staticflickr.com/2193/2070320410_2268911fa7_o.jpg
492,https://live.staticflickr.com/3185/3421268459_ab58109ed6_o.jpg
493,https://live.staticflickr.com/3054/2806093880_804ee67a8d_o.jpg
494,
495,https://live.staticflickr.com/1922/31075219618_2060472939_o.jpg
496,https://live.staticflickr.com/1772/43078694045_8ec6492c37_o.jpg
497,https://live.staticflickr.com/3590/3499426373_22ef0b288c_o.jpg
498,
499,https://live.staticflickr.com/8241/8606987368_f596145398_o.jpg
