,photo_id,tag,title,image_url
0,35474387130,"['autofocus', 'cascata', 'simplysuperb', 'umbria', 'europa', 'italia', 'italy', 'lacascatadellemarmore', 'europe', 'travel', 'nikon', 'lemarmore', 'tourism', 'alice240', 'atelier240art', 'alicealicjacieliczka', 'acqua', 'dream', 'magic', 'water', 'poetry', 'flickr', 'nationalgeographic', 'ngc']",La cascata delle Marmore,https://www.flickr.com/photos/alice240/35474387130/
1,49498046336,"['robertobertolle', 'robertolle', 'roberto', 'bertolle', 'italia', 'italy', 'umbria', 'terni', 'maratona', 'sport', 'podismo', 'maratonadisanvalentino', 'podistica', 'amatori']",Conferenza Stampa 10° Maratona di San Valentino (2020) - 2881,https://www.flickr.com/photos/robertobertolle/49498046336/
2,49498046166,"['robertobertolle', 'robertolle', 'roberto', 'bertolle', 'italia', 'italy', 'umbria', 'terni', 'maratona', 'sport', 'podismo', 'maratonadisanvalentino', 'podistica', 'amatori']",Conferenza Stampa 10° Maratona di San Valentino (2020) - 2876,https://www.flickr.com/photos/robertobertolle/49498046166/
3,49498272962,"['robertobertolle', 'robertolle', 'roberto', 'bertolle', 'italia', 'italy', 'umbria', 'terni', 'maratona', 'sport', 'podismo', 'maratonadisanvalentino', 'podistica', 'amatori']",Conferenza Stampa 10° Maratona di San Valentino (2020) - 2864-2872 P,https://www.flickr.com/photos/robertobertolle/49498272962/
4,49497550063,"['robertobertolle', 'robertolle', 'roberto', 'bertolle', 'italia', 'italy', 'umbria', 'terni', 'maratona', 'sport', 'podismo', 'maratonadisanvalentino', 'podistica', 'amatori']",Conferenza Stampa 10° Maratona di San Valentino (2020) - 2859,https://www.flickr.com/photos/robertobertolle/49497550063/
5,49498272537,"['robertobertolle', 'robertolle', 'roberto', 'bertolle', 'italia', 'italy', 'umbria', 'terni', 'maratona', 'sport', 'podismo', 'maratonadisanvalentino', 'podistica', 'amatori']",Conferenza Stampa 10° Maratona di San Valentino (2020) - 2851,https://www.flickr.com/photos/robertobertolle/49498272537/
6,49497549623,"['robertobertolle', 'robertolle', 'roberto', 'bertolle', 'italia', 'italy', 'umbria', 'terni', 'maratona', 'sport', 'podismo', 'maratonadisanvalentino', 'podistica', 'amatori']",Conferenza Stampa 10° Maratona di San Valentino (2020) - 2843-2848 P,https://www.flickr.com/photos/robertobertolle/49497549623/
7,49498045206,"['robertobertolle', 'robertolle', 'roberto', 'bertolle', 'italia', 'italy', 'umbria', 'terni', 'maratona', 'sport', 'podismo', 'maratonadisanvalentino', 'podistica', 'amatori']",Conferenza Stampa 10° Maratona di San Valentino (2020) - 2832-2840 P,https://www.flickr.com/photos/robertobertolle/49498045206/
8,49498271997,"['robertobertolle', 'robertolle', 'roberto', 'bertolle', 'italia', 'italy', 'umbria', 'terni', 'maratona', 'sport', 'podismo', 'maratonadisanvalentino', 'podistica', 'amatori']",Conferenza Stampa 10° Maratona di San Valentino (2020) - 2828-2831 P,https://www.flickr.com/photos/robertobertolle/49498271997/
9,49498044951,"['robertobertolle', 'robertolle', 'roberto', 'bertolle', 'italia', 'italy', 'umbria', 'terni', 'maratona', 'sport', 'podismo', 'maratonadisanvalentino', 'podistica', 'amatori']",Conferenza Stampa 10° Maratona di San Valentino (2020) - 2817,https://www.flickr.com/photos/robertobertolle/49498044951/
10,49498271667,"['robertobertolle', 'robertolle', 'roberto', 'bertolle', 'italia', 'italy', 'umbria', 'terni', 'maratona', 'sport', 'podismo', 'maratonadisanvalentino', 'podistica', 'amatori']",Conferenza Stampa 10° Maratona di San Valentino (2020) - 2799,https://www.flickr.com/photos/robertobertolle/49498271667/
11,49498271452,"['robertobertolle', 'robertolle', 'roberto', 'bertolle', 'italia', 'italy', 'umbria', 'terni', 'maratona', 'sport', 'podismo', 'maratonadisanvalentino', 'podistica', 'amatori']",Conferenza Stampa 10° Maratona di San Valentino (2020) - 2777-2778 P,https://www.flickr.com/photos/robertobertolle/49498271452/
12,49497548708,"['robertobertolle', 'robertolle', 'roberto', 'bertolle', 'italia', 'italy', 'umbria', 'terni', 'maratona', 'sport', 'podismo', 'maratonadisanvalentino', 'podistica', 'amatori']",Conferenza Stampa 10° Maratona di San Valentino (2020) - 2758,https://www.flickr.com/photos/robertobertolle/49497548708/
13,49498271192,"['robertobertolle', 'robertolle', 'roberto', 'bertolle', 'italia', 'italy', 'umbria', 'terni', 'maratona', 'sport', 'podismo', 'maratonadisanvalentino', 'podistica', 'amatori']",Conferenza Stampa 10° Maratona di San Valentino (2020) - 2757,https://www.flickr.com/photos/robertobertolle/49498271192/
14,49498044116,"['robertobertolle', 'robertolle', 'roberto', 'bertolle', 'italia', 'italy', 'umbria', 'terni', 'maratona', 'sport', 'podismo', 'maratonadisanvalentino', 'podistica', 'amatori']",Conferenza Stampa 10° Maratona di San Valentino (2020) - 2756,https://www.flickr.com/photos/robertobertolle/49498044116/
15,49497548153,"['robertobertolle', 'robertolle', 'roberto', 'bertolle', 'italia', 'italy', 'umbria', 'terni', 'maratona', 'sport', 'podismo', 'maratonadisanvalentino', 'podistica', 'amatori']",Conferenza Stampa 10° Maratona di San Valentino (2020) - 2755,https://www.flickr.com/photos/robertobertolle/49497548153/
16,49498043801,"['robertobertolle', 'robertolle', 'roberto', 'bertolle', 'italia', 'italy', 'umbria', 'terni', 'maratona', 'sport', 'podismo', 'maratonadisanvalentino', 'podistica', 'amatori']",Conferenza Stampa 10° Maratona di San Valentino (2020) - 2753,https://www.flickr.com/photos/robertobertolle/49498043801/
17,49498043611,"['robertobertolle', 'robertolle', 'roberto', 'bertolle', 'italia', 'italy', 'umbria', 'terni', 'maratona', 'sport', 'podismo', 'maratonadisanvalentino', 'podistica', 'amatori']",Conferenza Stampa 10° Maratona di San Valentino (2020) - 2749,https://www.flickr.com/photos/robertobertolle/49498043611/
18,49497547643,"['robertobertolle', 'robertolle', 'roberto', 'bertolle', 'italia', 'italy', 'umbria', 'terni', 'maratona', 'sport', 'podismo', 'maratonadisanvalentino', 'podistica', 'amatori']",Conferenza Stampa 10° Maratona di San Valentino (2020) - 2744,https://www.flickr.com/photos/robertobertolle/49497547643/
19,49498043271,"['robertobertolle', 'robertolle', 'roberto', 'bertolle', 'italia', 'italy', 'umbria', 'terni', 'maratona', 'sport', 'podismo', 'maratonadisanvalentino', 'podistica', 'amatori']",Conferenza Stampa 10° Maratona di San Valentino (2020) - 2890,https://www.flickr.com/photos/robertobertolle/49498043271/
20,49498269787,"['robertobertolle', 'robertolle', 'roberto', 'bertolle', 'italia', 'italy', 'umbria', 'terni', 'maratona', 'sport', 'podismo', 'maratonadisanvalentino', 'podistica', 'amatori']",Conferenza Stampa 10° Maratona di San Valentino (2020) - 2906,https://www.flickr.com/photos/robertobertolle/49498269787/
21,49497547088,"['robertobertolle', 'robertolle', 'roberto', 'bertolle', 'italia', 'italy', 'umbria', 'terni', 'maratona', 'sport', 'podismo', 'maratonadisanvalentino', 'podistica', 'amatori']",Conferenza Stampa 10° Maratona di San Valentino (2020) - 2910,https://www.flickr.com/photos/robertobertolle/49497547088/
22,49498269457,"['robertobertolle', 'robertolle', 'roberto', 'bertolle', 'italia', 'italy', 'umbria', 'terni', 'maratona', 'sport', 'podismo', 'maratonadisanvalentino', 'podistica', 'amatori']",Conferenza Stampa 10° Maratona di San Valentino (2020) - 2914,https://www.flickr.com/photos/robertobertolle/49498269457/
23,49497546553,"['robertobertolle', 'robertolle', 'roberto', 'bertolle', 'italia', 'italy', 'umbria', 'terni', 'maratona', 'sport', 'podismo', 'maratonadisanvalentino', 'podistica', 'amatori']",Conferenza Stampa 10° Maratona di San Valentino (2020) - 2920,https://www.flickr.com/photos/robertobertolle/49497546553/
24,49497546298,"['robertobertolle', 'robertolle', 'roberto', 'bertolle', 'italia', 'italy', 'umbria', 'terni', 'maratona', 'sport', 'podismo', 'maratonadisanvalentino', 'podistica', 'amatori']",Conferenza Stampa 10° Maratona di San Valentino (2020) - 2922,https://www.flickr.com/photos/robertobertolle/49497546298/
25,49497546018,"['robertobertolle', 'robertolle', 'roberto', 'bertolle', 'italia', 'italy', 'umbria', 'terni', 'maratona', 'sport', 'podismo', 'maratonadisanvalentino', 'podistica', 'amatori']",Conferenza Stampa 10° Maratona di San Valentino (2020) - 2926,https://www.flickr.com/photos/robertobertolle/49497546018/
26,49498041741,"['robertobertolle', 'robertolle', 'roberto', 'bertolle', 'italia', 'italy', 'umbria', 'terni', 'maratona', 'sport', 'podismo', 'maratonadisanvalentino', 'podistica', 'amatori']",Conferenza Stampa 10° Maratona di San Valentino (2020) - 2932,https://www.flickr.com/photos/robertobertolle/49498041741/
27,49497541673,"['robertobertolle', 'robertolle', 'roberto', 'bertolle', 'italia', 'italy', 'umbria', 'terni', 'maratona', 'sport', 'podismo', 'maratonadisanvalentino', 'podistica', 'amatori']",Conferenza Stampa 10° Maratona di San Valentino (2020) - 2791,https://www.flickr.com/photos/robertobertolle/49497541673/
28,49497541458,"['robertobertolle', 'robertolle', 'roberto', 'bertolle', 'italia', 'italy', 'umbria', 'terni', 'maratona', 'sport', 'podismo', 'maratonadisanvalentino', 'podistica', 'amatori']",Conferenza Stampa 10° Maratona di San Valentino (2020) - 2790,https://www.flickr.com/photos/robertobertolle/49497541458/
29,49498036896,"['robertobertolle', 'robertolle', 'roberto', 'bertolle', 'italia', 'italy', 'umbria', 'terni', 'maratona', 'sport', 'podismo', 'maratonadisanvalentino', 'podistica', 'amatori']",Conferenza Stampa 10° Maratona di San Valentino (2020) - 2787,https://www.flickr.com/photos/robertobertolle/49498036896/
30,49497540973,"['robertobertolle', 'robertolle', 'roberto', 'bertolle', 'italia', 'italy', 'umbria', 'terni', 'maratona', 'sport', 'podismo', 'maratonadisanvalentino', 'podistica', 'amatori']",Conferenza Stampa 10° Maratona di San Valentino (2020) - 2786,https://www.flickr.com/photos/robertobertolle/49497540973/
31,49498263737,"['robertobertolle', 'robertolle', 'roberto', 'bertolle', 'italia', 'italy', 'umbria', 'terni', 'maratona', 'sport', 'podismo', 'maratonadisanvalentino', 'podistica', 'amatori']",Conferenza Stampa 10° Maratona di San Valentino (2020) - 2784,https://www.flickr.com/photos/robertobertolle/49498263737/
32,49497540603,"['robertobertolle', 'robertolle', 'roberto', 'bertolle', 'italia', 'italy', 'umbria', 'terni', 'maratona', 'sport', 'podismo', 'maratonadisanvalentino', 'podistica', 'amatori']",Conferenza Stampa 10° Maratona di San Valentino (2020) - 2782,https://www.flickr.com/photos/robertobertolle/49497540603/
33,49498035956,"['robertobertolle', 'robertolle', 'roberto', 'bertolle', 'italia', 'italy', 'umbria', 'terni', 'maratona', 'sport', 'podismo', 'maratonadisanvalentino', 'podistica', 'amatori']",Conferenza Stampa 10° Maratona di San Valentino (2020) - 2779,https://www.flickr.com/photos/robertobertolle/49498035956/
34,49497540233,"['robertobertolle', 'robertolle', 'roberto', 'bertolle', 'italia', 'italy', 'umbria', 'terni', 'maratona', 'sport', 'podismo', 'maratonadisanvalentino', 'podistica', 'amatori']",Conferenza Stampa 10° Maratona di San Valentino (2020) - 2775,https://www.flickr.com/photos/robertobertolle/49497540233/
35,49498263022,"['robertobertolle', 'robertolle', 'roberto', 'bertolle', 'italia', 'italy', 'umbria', 'terni', 'maratona', 'sport', 'podismo', 'maratonadisanvalentino', 'podistica', 'amatori']",Conferenza Stampa 10° Maratona di San Valentino (2020) - 2771,https://www.flickr.com/photos/robertobertolle/49498263022/
36,49498035346,"['robertobertolle', 'robertolle', 'roberto', 'bertolle', 'italia', 'italy', 'umbria', 'terni', 'maratona', 'sport', 'podismo', 'maratonadisanvalentino', 'podistica', 'amatori']",Conferenza Stampa 10° Maratona di San Valentino (2020) - 2770,https://www.flickr.com/photos/robertobertolle/49498035346/
37,49498262687,"['robertobertolle', 'robertolle', 'roberto', 'bertolle', 'italia', 'italy', 'umbria', 'terni', 'maratona', 'sport', 'podismo', 'maratonadisanvalentino', 'podistica', 'amatori']",Conferenza Stampa 10° Maratona di San Valentino (2020) - 2769,https://www.flickr.com/photos/robertobertolle/49498262687/
38,49498262427,"['robertobertolle', 'robertolle', 'roberto', 'bertolle', 'italia', 'italy', 'umbria', 'terni', 'maratona', 'sport', 'podismo', 'maratonadisanvalentino', 'podistica', 'amatori']",Conferenza Stampa 10° Maratona di San Valentino (2020) - 2764,https://www.flickr.com/photos/robertobertolle/49498262427/
39,49498262222,"['robertobertolle', 'robertolle', 'roberto', 'bertolle', 'italia', 'italy', 'umbria', 'terni', 'maratona', 'sport', 'podismo', 'maratonadisanvalentino', 'podistica', 'amatori']",Conferenza Stampa 10° Maratona di San Valentino (2020) - 2750,https://www.flickr.com/photos/robertobertolle/49498262222/
40,49497539123,"['robertobertolle', 'robertolle', 'roberto', 'bertolle', 'italia', 'italy', 'umbria', 'terni', 'maratona', 'sport', 'podismo', 'maratonadisanvalentino', 'podistica', 'amatori']",Conferenza Stampa 10° Maratona di San Valentino (2020) - 2748,https://www.flickr.com/photos/robertobertolle/49497539123/
41,49498261892,"['robertobertolle', 'robertolle', 'roberto', 'bertolle', 'italia', 'italy', 'umbria', 'terni', 'maratona', 'sport', 'podismo', 'maratonadisanvalentino', 'podistica', 'amatori']",Conferenza Stampa 10° Maratona di San Valentino (2020) - 2745,https://www.flickr.com/photos/robertobertolle/49498261892/
42,49498261642,"['robertobertolle', 'robertolle', 'roberto', 'bertolle', 'italia', 'italy', 'umbria', 'terni', 'maratona', 'sport', 'podismo', 'maratonadisanvalentino', 'podistica', 'amatori']",Conferenza Stampa 10° Maratona di San Valentino (2020) - 2742,https://www.flickr.com/photos/robertobertolle/49498261642/
43,49497538438,"['robertobertolle', 'robertolle', 'roberto', 'bertolle', 'italia', 'italy', 'umbria', 'terni', 'maratona', 'sport', 'podismo', 'maratonadisanvalentino', 'podistica', 'amatori']",Conferenza Stampa 10° Maratona di San Valentino (2020) - 2792,https://www.flickr.com/photos/robertobertolle/49497538438/
44,49498261172,"['robertobertolle', 'robertolle', 'roberto', 'bertolle', 'italia', 'italy', 'umbria', 'terni', 'maratona', 'sport', 'podismo', 'maratonadisanvalentino', 'podistica', 'amatori']",Conferenza Stampa 10° Maratona di San Valentino (2020) - 2793,https://www.flickr.com/photos/robertobertolle/49498261172/
45,49497537968,"['robertobertolle', 'robertolle', 'roberto', 'bertolle', 'italia', 'italy', 'umbria', 'terni', 'maratona', 'sport', 'podismo', 'maratonadisanvalentino', 'podistica', 'amatori']",Conferenza Stampa 10° Maratona di San Valentino (2020) - 2794,https://www.flickr.com/photos/robertobertolle/49497537968/
46,49498033166,"['robertobertolle', 'robertolle', 'roberto', 'bertolle', 'italia', 'italy', 'umbria', 'terni', 'maratona', 'sport', 'podismo', 'maratonadisanvalentino', 'podistica', 'amatori']",Conferenza Stampa 10° Maratona di San Valentino (2020) - 2797,https://www.flickr.com/photos/robertobertolle/49498033166/
47,49497537573,"['robertobertolle', 'robertolle', 'roberto', 'bertolle', 'italia', 'italy', 'umbria', 'terni', 'maratona', 'sport', 'podismo', 'maratonadisanvalentino', 'podistica', 'amatori']",Conferenza Stampa 10° Maratona di San Valentino (2020) - 2800,https://www.flickr.com/photos/robertobertolle/49497537573/
48,49498260297,"['robertobertolle', 'robertolle', 'roberto', 'bertolle', 'italia', 'italy', 'umbria', 'terni', 'maratona', 'sport', 'podismo', 'maratonadisanvalentino', 'podistica', 'amatori']",Conferenza Stampa 10° Maratona di San Valentino (2020) - 2801,https://www.flickr.com/photos/robertobertolle/49498260297/
49,49498032596,"['robertobertolle', 'robertolle', 'roberto', 'bertolle', 'italia', 'italy', 'umbria', 'terni', 'maratona', 'sport', 'podismo', 'maratonadisanvalentino', 'podistica', 'amatori']",Conferenza Stampa 10° Maratona di San Valentino (2020) - 2802,https://www.flickr.com/photos/robertobertolle/49498032596/
50,49497536963,"['robertobertolle', 'robertolle', 'roberto', 'bertolle', 'italia', 'italy', 'umbria', 'terni', 'maratona', 'sport', 'podismo', 'maratonadisanvalentino', 'podistica', 'amatori']",Conferenza Stampa 10° Maratona di San Valentino (2020) - 2803,https://www.flickr.com/photos/robertobertolle/49497536963/
51,49498259692,"['robertobertolle', 'robertolle', 'roberto', 'bertolle', 'italia', 'italy', 'umbria', 'terni', 'maratona', 'sport', 'podismo', 'maratonadisanvalentino', 'podistica', 'amatori']",Conferenza Stampa 10° Maratona di San Valentino (2020) - 2804,https://www.flickr.com/photos/robertobertolle/49498259692/
52,49498259477,"['robertobertolle', 'robertolle', 'roberto', 'bertolle', 'italia', 'italy', 'umbria', 'terni', 'maratona', 'sport', 'podismo', 'maratonadisanvalentino', 'podistica', 'amatori']",Conferenza Stampa 10° Maratona di San Valentino (2020) - 2805,https://www.flickr.com/photos/robertobertolle/49498259477/
53,49497531498,"['robertobertolle', 'robertolle', 'roberto', 'bertolle', 'italia', 'italy', 'umbria', 'terni', 'maratona', 'sport', 'podismo', 'maratonadisanvalentino', 'podistica', 'amatori']",Conferenza Stampa 10° Maratona di San Valentino (2020) - 2825,https://www.flickr.com/photos/robertobertolle/49497531498/
54,49498026251,"['robertobertolle', 'robertolle', 'roberto', 'bertolle', 'italia', 'italy', 'umbria', 'terni', 'maratona', 'sport', 'podismo', 'maratonadisanvalentino', 'podistica', 'amatori']",Conferenza Stampa 10° Maratona di San Valentino (2020) - 2824,https://www.flickr.com/photos/robertobertolle/49498026251/
55,49498253712,"['robertobertolle', 'robertolle', 'roberto', 'bertolle', 'italia', 'italy', 'umbria', 'terni', 'maratona', 'sport', 'podismo', 'maratonadisanvalentino', 'podistica', 'amatori']",Conferenza Stampa 10° Maratona di San Valentino (2020) - 2820,https://www.flickr.com/photos/robertobertolle/49498253712/
56,49498253522,"['robertobertolle', 'robertolle', 'roberto', 'bertolle', 'italia', 'italy', 'umbria', 'terni', 'maratona', 'sport', 'podismo', 'maratonadisanvalentino', 'podistica', 'amatori']",Conferenza Stampa 10° Maratona di San Valentino (2020) - 2819,https://www.flickr.com/photos/robertobertolle/49498253522/
57,49498025566,"['robertobertolle', 'robertolle', 'roberto', 'bertolle', 'italia', 'italy', 'umbria', 'terni', 'maratona', 'sport', 'podismo', 'maratonadisanvalentino', 'podistica', 'amatori']",Conferenza Stampa 10° Maratona di San Valentino (2020) - 2814,https://www.flickr.com/photos/robertobertolle/49498025566/
58,49498025406,"['robertobertolle', 'robertolle', 'roberto', 'bertolle', 'italia', 'italy', 'umbria', 'terni', 'maratona', 'sport', 'podismo', 'maratonadisanvalentino', 'podistica', 'amatori']",Conferenza Stampa 10° Maratona di San Valentino (2020) - 2813,https://www.flickr.com/photos/robertobertolle/49498025406/
59,49498025161,"['robertobertolle', 'robertolle', 'roberto', 'bertolle', 'italia', 'italy', 'umbria', 'terni', 'maratona', 'sport', 'podismo', 'maratonadisanvalentino', 'podistica', 'amatori']",Conferenza Stampa 10° Maratona di San Valentino (2020) - 2812,https://www.flickr.com/photos/robertobertolle/49498025161/
60,49498252672,"['robertobertolle', 'robertolle', 'roberto', 'bertolle', 'italia', 'italy', 'umbria', 'terni', 'maratona', 'sport', 'podismo', 'maratonadisanvalentino', 'podistica', 'amatori']",Conferenza Stampa 10° Maratona di San Valentino (2020) - 2811,https://www.flickr.com/photos/robertobertolle/49498252672/
61,49498252337,"['robertobertolle', 'robertolle', 'roberto', 'bertolle', 'italia', 'italy', 'umbria', 'terni', 'maratona', 'sport', 'podismo', 'maratonadisanvalentino', 'podistica', 'amatori']",Conferenza Stampa 10° Maratona di San Valentino (2020) - 2810,https://www.flickr.com/photos/robertobertolle/49498252337/
62,49498024401,"['robertobertolle', 'robertolle', 'roberto', 'bertolle', 'italia', 'italy', 'umbria', 'terni', 'maratona', 'sport', 'podismo', 'maratonadisanvalentino', 'podistica', 'amatori']",Conferenza Stampa 10° Maratona di San Valentino (2020) - 2809,https://www.flickr.com/photos/robertobertolle/49498024401/
63,49498024141,"['robertobertolle', 'robertolle', 'roberto', 'bertolle', 'italia', 'italy', 'umbria', 'terni', 'maratona', 'sport', 'podismo', 'maratonadisanvalentino', 'podistica', 'amatori']",Conferenza Stampa 10° Maratona di San Valentino (2020) - 2808,https://www.flickr.com/photos/robertobertolle/49498024141/
64,49497528853,"['robertobertolle', 'robertolle', 'roberto', 'bertolle', 'italia', 'italy', 'umbria', 'terni', 'maratona', 'sport', 'podismo', 'maratonadisanvalentino', 'podistica', 'amatori']",Conferenza Stampa 10° Maratona di San Valentino (2020) - 2807,https://www.flickr.com/photos/robertobertolle/49497528853/
65,49498251442,"['robertobertolle', 'robertolle', 'roberto', 'bertolle', 'italia', 'italy', 'umbria', 'terni', 'maratona', 'sport', 'podismo', 'maratonadisanvalentino', 'podistica', 'amatori']",Conferenza Stampa 10° Maratona di San Valentino (2020) - 2806,https://www.flickr.com/photos/robertobertolle/49498251442/
66,49498251192,"['robertobertolle', 'robertolle', 'roberto', 'bertolle', 'italia', 'italy', 'umbria', 'terni', 'maratona', 'sport', 'podismo', 'maratonadisanvalentino', 'podistica', 'amatori']",Conferenza Stampa 10° Maratona di San Valentino (2020) - 2781,https://www.flickr.com/photos/robertobertolle/49498251192/
67,49498023271,"['robertobertolle', 'robertolle', 'roberto', 'bertolle', 'italia', 'italy', 'umbria', 'terni', 'maratona', 'sport', 'podismo', 'maratonadisanvalentino', 'podistica', 'amatori']",Conferenza Stampa 10° Maratona di San Valentino (2020) - 2780,https://www.flickr.com/photos/robertobertolle/49498023271/
68,49497527898,"['robertobertolle', 'robertolle', 'roberto', 'bertolle', 'italia', 'italy', 'umbria', 'terni', 'maratona', 'sport', 'podismo', 'maratonadisanvalentino', 'podistica', 'amatori']",Conferenza Stampa 10° Maratona di San Valentino (2020) - 2777,https://www.flickr.com/photos/robertobertolle/49497527898/
69,49498022776,"['robertobertolle', 'robertolle', 'roberto', 'bertolle', 'italia', 'italy', 'umbria', 'terni', 'maratona', 'sport', 'podismo', 'maratonadisanvalentino', 'podistica', 'amatori']",Conferenza Stampa 10° Maratona di San Valentino (2020) - 2776,https://www.flickr.com/photos/robertobertolle/49498022776/
70,49497527388,"['robertobertolle', 'robertolle', 'roberto', 'bertolle', 'italia', 'italy', 'umbria', 'terni', 'maratona', 'sport', 'podismo', 'maratonadisanvalentino', 'podistica', 'amatori']",Conferenza Stampa 10° Maratona di San Valentino (2020) - 2774,https://www.flickr.com/photos/robertobertolle/49497527388/
71,49498250007,"['robertobertolle', 'robertolle', 'roberto', 'bertolle', 'italia', 'italy', 'umbria', 'terni', 'maratona', 'sport', 'podismo', 'maratonadisanvalentino', 'podistica', 'amatori']",Conferenza Stampa 10° Maratona di San Valentino (2020) - 2772,https://www.flickr.com/photos/robertobertolle/49498250007/
72,49497527013,"['robertobertolle', 'robertolle', 'roberto', 'bertolle', 'italia', 'italy', 'umbria', 'terni', 'maratona', 'sport', 'podismo', 'maratonadisanvalentino', 'podistica', 'amatori']",Conferenza Stampa 10° Maratona di San Valentino (2020) - 2765,https://www.flickr.com/photos/robertobertolle/49497527013/
73,49498249542,"['robertobertolle', 'robertolle', 'roberto', 'bertolle', 'italia', 'italy', 'umbria', 'terni', 'maratona', 'sport', 'podismo', 'maratonadisanvalentino', 'podistica', 'amatori']",Conferenza Stampa 10° Maratona di San Valentino (2020) - 2763,https://www.flickr.com/photos/robertobertolle/49498249542/
74,49497526533,"['robertobertolle', 'robertolle', 'roberto', 'bertolle', 'italia', 'italy', 'umbria', 'terni', 'maratona', 'sport', 'podismo', 'maratonadisanvalentino', 'podistica', 'amatori']",Conferenza Stampa 10° Maratona di San Valentino (2020) - 2752,https://www.flickr.com/photos/robertobertolle/49497526533/
75,49498249072,"['robertobertolle', 'robertolle', 'roberto', 'bertolle', 'italia', 'italy', 'umbria', 'terni', 'maratona', 'sport', 'podismo', 'maratonadisanvalentino', 'podistica', 'amatori']",Conferenza Stampa 10° Maratona di San Valentino (2020) - 2743,https://www.flickr.com/photos/robertobertolle/49498249072/
76,49497525998,"['robertobertolle', 'robertolle', 'roberto', 'bertolle', 'italia', 'italy', 'umbria', 'terni', 'maratona', 'sport', 'podismo', 'maratonadisanvalentino', 'podistica', 'amatori']",Conferenza Stampa 10° Maratona di San Valentino (2020) - 2826,https://www.flickr.com/photos/robertobertolle/49497525998/
77,49498248617,"['robertobertolle', 'robertolle', 'roberto', 'bertolle', 'italia', 'italy', 'umbria', 'terni', 'maratona', 'sport', 'podismo', 'maratonadisanvalentino', 'podistica', 'amatori']",Conferenza Stampa 10° Maratona di San Valentino (2020) - 2829,https://www.flickr.com/photos/robertobertolle/49498248617/
78,49498248387,"['robertobertolle', 'robertolle', 'roberto', 'bertolle', 'italia', 'italy', 'umbria', 'terni', 'maratona', 'sport', 'podismo', 'maratonadisanvalentino', 'podistica', 'amatori']",Conferenza Stampa 10° Maratona di San Valentino (2020) - 2830-2831 P,https://www.flickr.com/photos/robertobertolle/49498248387/
79,49498020401,"['robertobertolle', 'robertolle', 'roberto', 'bertolle', 'italia', 'italy', 'umbria', 'terni', 'maratona', 'sport', 'podismo', 'maratonadisanvalentino', 'podistica', 'amatori']",Conferenza Stampa 10° Maratona di San Valentino (2020) - 2841,https://www.flickr.com/photos/robertobertolle/49498020401/
80,49497525128,"['robertobertolle', 'robertolle', 'roberto', 'bertolle', 'italia', 'italy', 'umbria', 'terni', 'maratona', 'sport', 'podismo', 'maratonadisanvalentino', 'podistica', 'amatori']",Conferenza Stampa 10° Maratona di San Valentino (2020) - 2856,https://www.flickr.com/photos/robertobertolle/49497525128/
81,49498019896,"['robertobertolle', 'robertolle', 'roberto', 'bertolle', 'italia', 'italy', 'umbria', 'terni', 'maratona', 'sport', 'podismo', 'maratonadisanvalentino', 'podistica', 'amatori']",Conferenza Stampa 10° Maratona di San Valentino (2020) - 2882,https://www.flickr.com/photos/robertobertolle/49498019896/
82,49498247592,"['robertobertolle', 'robertolle', 'roberto', 'bertolle', 'italia', 'italy', 'umbria', 'terni', 'maratona', 'sport', 'podismo', 'maratonadisanvalentino', 'podistica', 'amatori']",Conferenza Stampa 10° Maratona di San Valentino (2020) - 2893,https://www.flickr.com/photos/robertobertolle/49498247592/
83,49498247342,"['robertobertolle', 'robertolle', 'roberto', 'bertolle', 'italia', 'italy', 'umbria', 'terni', 'maratona', 'sport', 'podismo', 'maratonadisanvalentino', 'podistica', 'amatori']",Conferenza Stampa 10° Maratona di San Valentino (2020) - 2894,https://www.flickr.com/photos/robertobertolle/49498247342/
84,49498247132,"['robertobertolle', 'robertolle', 'roberto', 'bertolle', 'italia', 'italy', 'umbria', 'terni', 'maratona', 'sport', 'podismo', 'maratonadisanvalentino', 'podistica', 'amatori']",Conferenza Stampa 10° Maratona di San Valentino (2020) - 2897,https://www.flickr.com/photos/robertobertolle/49498247132/
85,49498243337,"['robertobertolle', 'robertolle', 'roberto', 'bertolle', 'italia', 'italy', 'umbria', 'terni', 'maratona', 'sport', 'podismo', 'maratonadisanvalentino', 'podistica', 'amatori']",Conferenza Stampa 10° Maratona di San Valentino (2020) - 2861,https://www.flickr.com/photos/robertobertolle/49498243337/
86,49497520523,"['robertobertolle', 'robertolle', 'roberto', 'bertolle', 'italia', 'italy', 'umbria', 'terni', 'maratona', 'sport', 'podismo', 'maratonadisanvalentino', 'podistica', 'amatori']",Conferenza Stampa 10° Maratona di San Valentino (2020) - 2860,https://www.flickr.com/photos/robertobertolle/49497520523/
87,49497520303,"['robertobertolle', 'robertolle', 'roberto', 'bertolle', 'italia', 'italy', 'umbria', 'terni', 'maratona', 'sport', 'podismo', 'maratonadisanvalentino', 'podistica', 'amatori']",Conferenza Stampa 10° Maratona di San Valentino (2020) - 2858,https://www.flickr.com/photos/robertobertolle/49497520303/
88,49497520148,"['robertobertolle', 'robertolle', 'roberto', 'bertolle', 'italia', 'italy', 'umbria', 'terni', 'maratona', 'sport', 'podismo', 'maratonadisanvalentino', 'podistica', 'amatori']",Conferenza Stampa 10° Maratona di San Valentino (2020) - 2857,https://www.flickr.com/photos/robertobertolle/49497520148/
89,49498242517,"['robertobertolle', 'robertolle', 'roberto', 'bertolle', 'italia', 'italy', 'umbria', 'terni', 'maratona', 'sport', 'podismo', 'maratonadisanvalentino', 'podistica', 'amatori']",Conferenza Stampa 10° Maratona di San Valentino (2020) - 2855,https://www.flickr.com/photos/robertobertolle/49498242517/
90,49497519828,"['robertobertolle', 'robertolle', 'roberto', 'bertolle', 'italia', 'italy', 'umbria', 'terni', 'maratona', 'sport', 'podismo', 'maratonadisanvalentino', 'podistica', 'amatori']",Conferenza Stampa 10° Maratona di San Valentino (2020) - 2854,https://www.flickr.com/photos/robertobertolle/49497519828/
91,49497519583,"['robertobertolle', 'robertolle', 'roberto', 'bertolle', 'italia', 'italy', 'umbria', 'terni', 'maratona', 'sport', 'podismo', 'maratonadisanvalentino', 'podistica', 'amatori']",Conferenza Stampa 10° Maratona di San Valentino (2020) - 2853,https://www.flickr.com/photos/robertobertolle/49497519583/
92,49497519368,"['robertobertolle', 'robertolle', 'roberto', 'bertolle', 'italia', 'italy', 'umbria', 'terni', 'maratona', 'sport', 'podismo', 'maratonadisanvalentino', 'podistica', 'amatori']",Conferenza Stampa 10° Maratona di San Valentino (2020) - 2850,https://www.flickr.com/photos/robertobertolle/49497519368/
93,49498241802,"['robertobertolle', 'robertolle', 'roberto', 'bertolle', 'italia', 'italy', 'umbria', 'terni', 'maratona', 'sport', 'podismo', 'maratonadisanvalentino', 'podistica', 'amatori']",Conferenza Stampa 10° Maratona di San Valentino (2020) - 2849,https://www.flickr.com/photos/robertobertolle/49498241802/
94,49498241587,"['robertobertolle', 'robertolle', 'roberto', 'bertolle', 'italia', 'italy', 'umbria', 'terni', 'maratona', 'sport', 'podismo', 'maratonadisanvalentino', 'podistica', 'amatori']",Conferenza Stampa 10° Maratona di San Valentino (2020) - 2831,https://www.flickr.com/photos/robertobertolle/49498241587/
95,49497518868,"['robertobertolle', 'robertolle', 'roberto', 'bertolle', 'italia', 'italy', 'umbria', 'terni', 'maratona', 'sport', 'podismo', 'maratonadisanvalentino', 'podistica', 'amatori']",Conferenza Stampa 10° Maratona di San Valentino (2020) - 2828-2829 P,https://www.flickr.com/photos/robertobertolle/49497518868/
96,49498241232,"['robertobertolle', 'robertolle', 'roberto', 'bertolle', 'italia', 'italy', 'umbria', 'terni', 'maratona', 'sport', 'podismo', 'maratonadisanvalentino', 'podistica', 'amatori']",Conferenza Stampa 10° Maratona di San Valentino (2020) - 2796,https://www.flickr.com/photos/robertobertolle/49498241232/
97,49498013081,"['robertobertolle', 'robertolle', 'roberto', 'bertolle', 'italia', 'italy', 'umbria', 'terni', 'maratona', 'sport', 'podismo', 'maratonadisanvalentino', 'podistica', 'amatori']",Conferenza Stampa 10° Maratona di San Valentino (2020) - 2795,https://www.flickr.com/photos/robertobertolle/49498013081/
98,49497518348,"['robertobertolle', 'robertolle', 'roberto', 'bertolle', 'italia', 'italy', 'umbria', 'terni', 'maratona', 'sport', 'podismo', 'maratonadisanvalentino', 'podistica', 'amatori']",Conferenza Stampa 10° Maratona di San Valentino (2020) - 2788,https://www.flickr.com/photos/robertobertolle/49497518348/
99,49498012676,"['robertobertolle', 'robertolle', 'roberto', 'bertolle', 'italia', 'italy', 'umbria', 'terni', 'maratona', 'sport', 'podismo', 'maratonadisanvalentino', 'podistica', 'amatori']",Conferenza Stampa 10° Maratona di San Valentino (2020) - 2783,https://www.flickr.com/photos/robertobertolle/49498012676/
100,49498240312,"['robertobertolle', 'robertolle', 'roberto', 'bertolle', 'italia', 'italy', 'umbria', 'terni', 'maratona', 'sport', 'podismo', 'maratonadisanvalentino', 'podistica', 'amatori']",Conferenza Stampa 10° Maratona di San Valentino (2020) - 2778,https://www.flickr.com/photos/robertobertolle/49498240312/
101,49497517718,"['robertobertolle', 'robertolle', 'roberto', 'bertolle', 'italia', 'italy', 'umbria', 'terni', 'maratona', 'sport', 'podismo', 'maratonadisanvalentino', 'podistica', 'amatori']",Conferenza Stampa 10° Maratona di San Valentino (2020) - 2773,https://www.flickr.com/photos/robertobertolle/49497517718/
102,49498239957,"['robertobertolle', 'robertolle', 'roberto', 'bertolle', 'italia', 'italy', 'umbria', 'terni', 'maratona', 'sport', 'podismo', 'maratonadisanvalentino', 'podistica', 'amatori']",Conferenza Stampa 10° Maratona di San Valentino (2020) - 2768,https://www.flickr.com/photos/robertobertolle/49498239957/
103,49497517378,"['robertobertolle', 'robertolle', 'roberto', 'bertolle', 'italia', 'italy', 'umbria', 'terni', 'maratona', 'sport', 'podismo', 'maratonadisanvalentino', 'podistica', 'amatori']",Conferenza Stampa 10° Maratona di San Valentino (2020) - 2751,https://www.flickr.com/photos/robertobertolle/49497517378/
104,49498011756,"['robertobertolle', 'robertolle', 'roberto', 'bertolle', 'italia', 'italy', 'umbria', 'terni', 'maratona', 'sport', 'podismo', 'maratonadisanvalentino', 'podistica', 'amatori']",Conferenza Stampa 10° Maratona di San Valentino (2020) - 2862,https://www.flickr.com/photos/robertobertolle/49498011756/
105,49498011476,"['robertobertolle', 'robertolle', 'roberto', 'bertolle', 'italia', 'italy', 'umbria', 'terni', 'maratona', 'sport', 'podismo', 'maratonadisanvalentino', 'podistica', 'amatori']",Conferenza Stampa 10° Maratona di San Valentino (2020) - 2863,https://www.flickr.com/photos/robertobertolle/49498011476/
106,49498011336,"['robertobertolle', 'robertolle', 'roberto', 'bertolle', 'italia', 'italy', 'umbria', 'terni', 'maratona', 'sport', 'podismo', 'maratonadisanvalentino', 'podistica', 'amatori']",Conferenza Stampa 10° Maratona di San Valentino (2020) - 2873,https://www.flickr.com/photos/robertobertolle/49498011336/
107,49498011171,"['robertobertolle', 'robertolle', 'roberto', 'bertolle', 'italia', 'italy', 'umbria', 'terni', 'maratona', 'sport', 'podismo', 'maratonadisanvalentino', 'podistica', 'amatori']",Conferenza Stampa 10° Maratona di San Valentino (2020) - 2874,https://www.flickr.com/photos/robertobertolle/49498011171/
108,49498010926,"['robertobertolle', 'robertolle', 'roberto', 'bertolle', 'italia', 'italy', 'umbria', 'terni', 'maratona', 'sport', 'podismo', 'maratonadisanvalentino', 'podistica', 'amatori']",Conferenza Stampa 10° Maratona di San Valentino (2020) - 2875,https://www.flickr.com/photos/robertobertolle/49498010926/
109,49498238527,"['robertobertolle', 'robertolle', 'roberto', 'bertolle', 'italia', 'italy', 'umbria', 'terni', 'maratona', 'sport', 'podismo', 'maratonadisanvalentino', 'podistica', 'amatori']",Conferenza Stampa 10° Maratona di San Valentino (2020) - 2877,https://www.flickr.com/photos/robertobertolle/49498238527/
110,49497516033,"['robertobertolle', 'robertolle', 'roberto', 'bertolle', 'italia', 'italy', 'umbria', 'terni', 'maratona', 'sport', 'podismo', 'maratonadisanvalentino', 'podistica', 'amatori']",Conferenza Stampa 10° Maratona di San Valentino (2020) - 2895,https://www.flickr.com/photos/robertobertolle/49497516033/
111,49498010301,"['robertobertolle', 'robertolle', 'roberto', 'bertolle', 'italia', 'italy', 'umbria', 'terni', 'maratona', 'sport', 'podismo', 'maratonadisanvalentino', 'podistica', 'amatori']",Conferenza Stampa 10° Maratona di San Valentino (2020) - 2896,https://www.flickr.com/photos/robertobertolle/49498010301/
112,49498009986,"['robertobertolle', 'robertolle', 'roberto', 'bertolle', 'italia', 'italy', 'umbria', 'terni', 'maratona', 'sport', 'podismo', 'maratonadisanvalentino', 'podistica', 'amatori']",Conferenza Stampa 10° Maratona di San Valentino (2020) - 2900,https://www.flickr.com/photos/robertobertolle/49498009986/
113,49497511513,"['robertobertolle', 'robertolle', 'roberto', 'bertolle', 'italia', 'italy', 'umbria', 'terni', 'maratona', 'sport', 'podismo', 'maratonadisanvalentino', 'podistica', 'amatori']",Conferenza Stampa 10° Maratona di San Valentino (2020) - 2885,https://www.flickr.com/photos/robertobertolle/49497511513/
114,49498005661,"['robertobertolle', 'robertolle', 'roberto', 'bertolle', 'italia', 'italy', 'umbria', 'terni', 'maratona', 'sport', 'podismo', 'maratonadisanvalentino', 'podistica', 'amatori']",Conferenza Stampa 10° Maratona di San Valentino (2020) - 2884,https://www.flickr.com/photos/robertobertolle/49498005661/
115,49498233292,"['robertobertolle', 'robertolle', 'roberto', 'bertolle', 'italia', 'italy', 'umbria', 'terni', 'maratona', 'sport', 'podismo', 'maratonadisanvalentino', 'podistica', 'amatori']",Conferenza Stampa 10° Maratona di San Valentino (2020) - 2883,https://www.flickr.com/photos/robertobertolle/49498233292/
116,49497510683,"['robertobertolle', 'robertolle', 'roberto', 'bertolle', 'italia', 'italy', 'umbria', 'terni', 'maratona', 'sport', 'podismo', 'maratonadisanvalentino', 'podistica', 'amatori']",Conferenza Stampa 10° Maratona di San Valentino (2020) - 2880,https://www.flickr.com/photos/robertobertolle/49497510683/
117,49498232852,"['robertobertolle', 'robertolle', 'roberto', 'bertolle', 'italia', 'italy', 'umbria', 'terni', 'maratona', 'sport', 'podismo', 'maratonadisanvalentino', 'podistica', 'amatori']",Conferenza Stampa 10° Maratona di San Valentino (2020) - 2879,https://www.flickr.com/photos/robertobertolle/49498232852/
118,49498232642,"['robertobertolle', 'robertolle', 'roberto', 'bertolle', 'italia', 'italy', 'umbria', 'terni', 'maratona', 'sport', 'podismo', 'maratonadisanvalentino', 'podistica', 'amatori']",Conferenza Stampa 10° Maratona di San Valentino (2020) - 2878,https://www.flickr.com/photos/robertobertolle/49498232642/
119,49498232437,"['robertobertolle', 'robertolle', 'roberto', 'bertolle', 'italia', 'italy', 'umbria', 'terni', 'maratona', 'sport', 'podismo', 'maratonadisanvalentino', 'podistica', 'amatori']",Conferenza Stampa 10° Maratona di San Valentino (2020) - 2842,https://www.flickr.com/photos/robertobertolle/49498232437/
120,49498232237,"['robertobertolle', 'robertolle', 'roberto', 'bertolle', 'italia', 'italy', 'umbria', 'terni', 'maratona', 'sport', 'podismo', 'maratonadisanvalentino', 'podistica', 'amatori']",Conferenza Stampa 10° Maratona di San Valentino (2020) - 2830,https://www.flickr.com/photos/robertobertolle/49498232237/
121,49497509543,"['robertobertolle', 'robertolle', 'roberto', 'bertolle', 'italia', 'italy', 'umbria', 'terni', 'maratona', 'sport', 'podismo', 'maratonadisanvalentino', 'podistica', 'amatori']",Conferenza Stampa 10° Maratona di San Valentino (2020) - 2828,https://www.flickr.com/photos/robertobertolle/49497509543/
122,49498003921,"['robertobertolle', 'robertolle', 'roberto', 'bertolle', 'italia', 'italy', 'umbria', 'terni', 'maratona', 'sport', 'podismo', 'maratonadisanvalentino', 'podistica', 'amatori']",Conferenza Stampa 10° Maratona di San Valentino (2020) - 2827,https://www.flickr.com/photos/robertobertolle/49498003921/
123,49497509103,"['robertobertolle', 'robertolle', 'roberto', 'bertolle', 'italia', 'italy', 'umbria', 'terni', 'maratona', 'sport', 'podismo', 'maratonadisanvalentino', 'podistica', 'amatori']",Conferenza Stampa 10° Maratona di San Valentino (2020) - 2785,https://www.flickr.com/photos/robertobertolle/49497509103/
124,49498231122,"['robertobertolle', 'robertolle', 'roberto', 'bertolle', 'italia', 'italy', 'umbria', 'terni', 'maratona', 'sport', 'podismo', 'maratonadisanvalentino', 'podistica', 'amatori']",Conferenza Stampa 10° Maratona di San Valentino (2020) - 2754,https://www.flickr.com/photos/robertobertolle/49498231122/
125,49497508648,"['robertobertolle', 'robertolle', 'roberto', 'bertolle', 'italia', 'italy', 'umbria', 'terni', 'maratona', 'sport', 'podismo', 'maratonadisanvalentino', 'podistica', 'amatori']",Conferenza Stampa 10° Maratona di San Valentino (2020) - 2886,https://www.flickr.com/photos/robertobertolle/49497508648/
126,49498002916,"['robertobertolle', 'robertolle', 'roberto', 'bertolle', 'italia', 'italy', 'umbria', 'terni', 'maratona', 'sport', 'podismo', 'maratonadisanvalentino', 'podistica', 'amatori']",Conferenza Stampa 10° Maratona di San Valentino (2020) - 2887,https://www.flickr.com/photos/robertobertolle/49498002916/
127,49498002661,"['robertobertolle', 'robertolle', 'roberto', 'bertolle', 'italia', 'italy', 'umbria', 'terni', 'maratona', 'sport', 'podismo', 'maratonadisanvalentino', 'podistica', 'amatori']",Conferenza Stampa 10° Maratona di San Valentino (2020) - 2888,https://www.flickr.com/photos/robertobertolle/49498002661/
128,49497507838,"['robertobertolle', 'robertolle', 'roberto', 'bertolle', 'italia', 'italy', 'umbria', 'terni', 'maratona', 'sport', 'podismo', 'maratonadisanvalentino', 'podistica', 'amatori']",Conferenza Stampa 10° Maratona di San Valentino (2020) - 2889,https://www.flickr.com/photos/robertobertolle/49497507838/
129,49497507603,"['robertobertolle', 'robertolle', 'roberto', 'bertolle', 'italia', 'italy', 'umbria', 'terni', 'maratona', 'sport', 'podismo', 'maratonadisanvalentino', 'podistica', 'amatori']",Conferenza Stampa 10° Maratona di San Valentino (2020) - 2891,https://www.flickr.com/photos/robertobertolle/49497507603/
130,49498001916,"['robertobertolle', 'robertolle', 'roberto', 'bertolle', 'italia', 'italy', 'umbria', 'terni', 'maratona', 'sport', 'podismo', 'maratonadisanvalentino', 'podistica', 'amatori']",Conferenza Stampa 10° Maratona di San Valentino (2020) - 2892,https://www.flickr.com/photos/robertobertolle/49498001916/
131,49497501838,"['robertobertolle', 'robertolle', 'roberto', 'bertolle', 'italia', 'italy', 'umbria', 'terni', 'maratona', 'sport', 'podismo', 'maratonadisanvalentino', 'podistica', 'amatori']",Conferenza Stampa 10° Maratona di San Valentino (2020) - 2936,https://www.flickr.com/photos/robertobertolle/49497501838/
132,49497996221,"['robertobertolle', 'robertolle', 'roberto', 'bertolle', 'italia', 'italy', 'umbria', 'terni', 'maratona', 'sport', 'podismo', 'maratonadisanvalentino', 'podistica', 'amatori']",Conferenza Stampa 10° Maratona di San Valentino (2020) - 2935,https://www.flickr.com/photos/robertobertolle/49497996221/
133,49497995976,"['robertobertolle', 'robertolle', 'roberto', 'bertolle', 'italia', 'italy', 'umbria', 'terni', 'maratona', 'sport', 'podismo', 'maratonadisanvalentino', 'podistica', 'amatori']",Conferenza Stampa 10° Maratona di San Valentino (2020) - 2934,https://www.flickr.com/photos/robertobertolle/49497995976/
134,49497995821,"['robertobertolle', 'robertolle', 'roberto', 'bertolle', 'italia', 'italy', 'umbria', 'terni', 'maratona', 'sport', 'podismo', 'maratonadisanvalentino', 'podistica', 'amatori']",Conferenza Stampa 10° Maratona di San Valentino (2020) - 2933,https://www.flickr.com/photos/robertobertolle/49497995821/
135,49497500893,"['robertobertolle', 'robertolle', 'roberto', 'bertolle', 'italia', 'italy', 'umbria', 'terni', 'maratona', 'sport', 'podismo', 'maratonadisanvalentino', 'podistica', 'amatori']",Conferenza Stampa 10° Maratona di San Valentino (2020) - 2931,https://www.flickr.com/photos/robertobertolle/49497500893/
136,49497995451,"['robertobertolle', 'robertolle', 'roberto', 'bertolle', 'italia', 'italy', 'umbria', 'terni', 'maratona', 'sport', 'podismo', 'maratonadisanvalentino', 'podistica', 'amatori']",Conferenza Stampa 10° Maratona di San Valentino (2020) - 2930,https://www.flickr.com/photos/robertobertolle/49497995451/
137,49498222617,"['robertobertolle', 'robertolle', 'roberto', 'bertolle', 'italia', 'italy', 'umbria', 'terni', 'maratona', 'sport', 'podismo', 'maratonadisanvalentino', 'podistica', 'amatori']",Conferenza Stampa 10° Maratona di San Valentino (2020) - 2928,https://www.flickr.com/photos/robertobertolle/49498222617/
138,49498222332,"['robertobertolle', 'robertolle', 'roberto', 'bertolle', 'italia', 'italy', 'umbria', 'terni', 'maratona', 'sport', 'podismo', 'maratonadisanvalentino', 'podistica', 'amatori']",Conferenza Stampa 10° Maratona di San Valentino (2020) - 2927,https://www.flickr.com/photos/robertobertolle/49498222332/
139,49497500048,"['robertobertolle', 'robertolle', 'roberto', 'bertolle', 'italia', 'italy', 'umbria', 'terni', 'maratona', 'sport', 'podismo', 'maratonadisanvalentino', 'podistica', 'amatori']",Conferenza Stampa 10° Maratona di San Valentino (2020) - 2925,https://www.flickr.com/photos/robertobertolle/49497500048/
140,49498221857,"['robertobertolle', 'robertolle', 'roberto', 'bertolle', 'italia', 'italy', 'umbria', 'terni', 'maratona', 'sport', 'podismo', 'maratonadisanvalentino', 'podistica', 'amatori']",Conferenza Stampa 10° Maratona di San Valentino (2020) - 2923,https://www.flickr.com/photos/robertobertolle/49498221857/
141,49497499668,"['robertobertolle', 'robertolle', 'roberto', 'bertolle', 'italia', 'italy', 'umbria', 'terni', 'maratona', 'sport', 'podismo', 'maratonadisanvalentino', 'podistica', 'amatori']",Conferenza Stampa 10° Maratona di San Valentino (2020) - 2921,https://www.flickr.com/photos/robertobertolle/49497499668/
142,49497499428,"['robertobertolle', 'robertolle', 'roberto', 'bertolle', 'italia', 'italy', 'umbria', 'terni', 'maratona', 'sport', 'podismo', 'maratonadisanvalentino', 'podistica', 'amatori']",Conferenza Stampa 10° Maratona di San Valentino (2020) - 2919,https://www.flickr.com/photos/robertobertolle/49497499428/
143,49497499213,"['robertobertolle', 'robertolle', 'roberto', 'bertolle', 'italia', 'italy', 'umbria', 'terni', 'maratona', 'sport', 'podismo', 'maratonadisanvalentino', 'podistica', 'amatori']",Conferenza Stampa 10° Maratona di San Valentino (2020) - 2913,https://www.flickr.com/photos/robertobertolle/49497499213/
144,49497993496,"['robertobertolle', 'robertolle', 'roberto', 'bertolle', 'italia', 'italy', 'umbria', 'terni', 'maratona', 'sport', 'podismo', 'maratonadisanvalentino', 'podistica', 'amatori']",Conferenza Stampa 10° Maratona di San Valentino (2020) - 2912,https://www.flickr.com/photos/robertobertolle/49497993496/
145,49497993251,"['robertobertolle', 'robertolle', 'roberto', 'bertolle', 'italia', 'italy', 'umbria', 'terni', 'maratona', 'sport', 'podismo', 'maratonadisanvalentino', 'podistica', 'amatori']",Conferenza Stampa 10° Maratona di San Valentino (2020) - 2909,https://www.flickr.com/photos/robertobertolle/49497993251/
146,49498220277,"['robertobertolle', 'robertolle', 'roberto', 'bertolle', 'italia', 'italy', 'umbria', 'terni', 'maratona', 'sport', 'podismo', 'maratonadisanvalentino', 'podistica', 'amatori']",Conferenza Stampa 10° Maratona di San Valentino (2020) - 2903,https://www.flickr.com/photos/robertobertolle/49498220277/
147,49498220067,"['robertobertolle', 'robertolle', 'roberto', 'bertolle', 'italia', 'italy', 'umbria', 'terni', 'maratona', 'sport', 'podismo', 'maratonadisanvalentino', 'podistica', 'amatori']",Conferenza Stampa 10° Maratona di San Valentino (2020) - 2908,https://www.flickr.com/photos/robertobertolle/49498220067/
148,49498219842,"['robertobertolle', 'robertolle', 'roberto', 'bertolle', 'italia', 'italy', 'umbria', 'terni', 'maratona', 'sport', 'podismo', 'maratonadisanvalentino', 'podistica', 'amatori']",Conferenza Stampa 10° Maratona di San Valentino (2020) - 2907,https://www.flickr.com/photos/robertobertolle/49498219842/
149,49497992416,"['robertobertolle', 'robertolle', 'roberto', 'bertolle', 'italia', 'italy', 'umbria', 'terni', 'maratona', 'sport', 'podismo', 'maratonadisanvalentino', 'podistica', 'amatori']",Conferenza Stampa 10° Maratona di San Valentino (2020) - 2905,https://www.flickr.com/photos/robertobertolle/49497992416/
150,49497992136,"['robertobertolle', 'robertolle', 'roberto', 'bertolle', 'italia', 'italy', 'umbria', 'terni', 'maratona', 'sport', 'podismo', 'maratonadisanvalentino', 'podistica', 'amatori']",Conferenza Stampa 10° Maratona di San Valentino (2020) - 2904,https://www.flickr.com/photos/robertobertolle/49497992136/
151,49497985156,"['robertobertolle', 'robertolle', 'roberto', 'bertolle', 'italia', 'italy', 'umbria', 'terni', 'maratona', 'sport', 'podismo', 'maratonadisanvalentino', 'podistica', 'amatori']",Conferenza Stampa 10° Maratona di San Valentino (2020) - 2902,https://www.flickr.com/photos/robertobertolle/49497985156/
152,49497487138,"['robertobertolle', 'robertolle', 'roberto', 'bertolle', 'italia', 'italy', 'umbria', 'terni', 'maratona', 'sport', 'podismo', 'maratonadisanvalentino', 'podistica', 'amatori']",Conferenza Stampa 10° Maratona di San Valentino (2020) - 2937,https://www.flickr.com/photos/robertobertolle/49497487138/
153,49479394542,"['robertobertolle', 'robertolle', 'roberto', 'bertolle', 'italia', 'italy', 'umbria', 'terni', 'maratona', 'sport', 'podismo', 'maratonina', '40°maratoninadisanvalentino']",40° Maratonina di San Valentino (2020) - 5724,https://www.flickr.com/photos/robertobertolle/49479394542/
154,49479394372,"['robertobertolle', 'robertolle', 'roberto', 'bertolle', 'italia', 'italy', 'umbria', 'terni', 'maratona', 'sport', 'podismo', 'maratonina', '40°maratoninadisanvalentino']",40° Maratonina di San Valentino (2020) - 5722,https://www.flickr.com/photos/robertobertolle/49479394372/
155,49479394162,"['robertobertolle', 'robertolle', 'roberto', 'bertolle', 'italia', 'italy', 'umbria', 'terni', 'maratona', 'sport', 'podismo', 'maratonina', '40°maratoninadisanvalentino']",40° Maratonina di San Valentino (2020) - 5720,https://www.flickr.com/photos/robertobertolle/49479394162/
156,49479174771,"['robertobertolle', 'robertolle', 'roberto', 'bertolle', 'italia', 'italy', 'umbria', 'terni', 'maratona', 'sport', 'podismo', 'maratonina', '40°maratoninadisanvalentino']",40° Maratonina di San Valentino (2020) - 5719,https://www.flickr.com/photos/robertobertolle/49479174771/
157,49479174566,"['robertobertolle', 'robertolle', 'roberto', 'bertolle', 'italia', 'italy', 'umbria', 'terni', 'maratona', 'sport', 'podismo', 'maratonina', '40°maratoninadisanvalentino']",40° Maratonina di San Valentino (2020) - 5718,https://www.flickr.com/photos/robertobertolle/49479174566/
158,49479174331,"['robertobertolle', 'robertolle', 'roberto', 'bertolle', 'italia', 'italy', 'umbria', 'terni', 'maratona', 'sport', 'podismo', 'maratonina', '40°maratoninadisanvalentino']",40° Maratonina di San Valentino (2020) - 5717,https://www.flickr.com/photos/robertobertolle/49479174331/
159,49479174151,"['robertobertolle', 'robertolle', 'roberto', 'bertolle', 'italia', 'italy', 'umbria', 'terni', 'maratona', 'sport', 'podismo', 'maratonina', '40°maratoninadisanvalentino']",40° Maratonina di San Valentino (2020) - 5716,https://www.flickr.com/photos/robertobertolle/49479174151/
160,49478691353,"['robertobertolle', 'robertolle', 'roberto', 'bertolle', 'italia', 'italy', 'umbria', 'terni', 'maratona', 'sport', 'podismo', 'maratonina', '40°maratoninadisanvalentino']",40° Maratonina di San Valentino (2020) - 5715,https://www.flickr.com/photos/robertobertolle/49478691353/
161,49479392857,"['robertobertolle', 'robertolle', 'roberto', 'bertolle', 'italia', 'italy', 'umbria', 'terni', 'maratona', 'sport', 'podismo', 'maratonina', '40°maratoninadisanvalentino']",40° Maratonina di San Valentino (2020) - 5714,https://www.flickr.com/photos/robertobertolle/49479392857/
162,49479392677,"['robertobertolle', 'robertolle', 'roberto', 'bertolle', 'italia', 'italy', 'umbria', 'terni', 'maratona', 'sport', 'podismo', 'maratonina', '40°maratoninadisanvalentino']",40° Maratonina di San Valentino (2020) - 5713,https://www.flickr.com/photos/robertobertolle/49479392677/
163,49479392502,"['robertobertolle', 'robertolle', 'roberto', 'bertolle', 'italia', 'italy', 'umbria', 'terni', 'maratona', 'sport', 'podismo', 'maratonina', '40°maratoninadisanvalentino']",40° Maratonina di San Valentino (2020) - 5712,https://www.flickr.com/photos/robertobertolle/49479392502/
164,49478690478,"['robertobertolle', 'robertolle', 'roberto', 'bertolle', 'italia', 'italy', 'umbria', 'terni', 'maratona', 'sport', 'podismo', 'maratonina', '40°maratoninadisanvalentino']",40° Maratonina di San Valentino (2020) - 5711,https://www.flickr.com/photos/robertobertolle/49478690478/
165,49479392012,"['robertobertolle', 'robertolle', 'roberto', 'bertolle', 'italia', 'italy', 'umbria', 'terni', 'maratona', 'sport', 'podismo', 'maratonina', '40°maratoninadisanvalentino']",40° Maratonina di San Valentino (2020) - 5710,https://www.flickr.com/photos/robertobertolle/49479392012/
166,49478690013,"['robertobertolle', 'robertolle', 'roberto', 'bertolle', 'italia', 'italy', 'umbria', 'terni', 'maratona', 'sport', 'podismo', 'maratonina', '40°maratoninadisanvalentino']",40° Maratonina di San Valentino (2020) - 5709,https://www.flickr.com/photos/robertobertolle/49478690013/
167,49478689793,"['robertobertolle', 'robertolle', 'roberto', 'bertolle', 'italia', 'italy', 'umbria', 'terni', 'maratona', 'sport', 'podismo', 'maratonina', '40°maratoninadisanvalentino']",40° Maratonina di San Valentino (2020) - 5708,https://www.flickr.com/photos/robertobertolle/49478689793/
168,49479391307,"['robertobertolle', 'robertolle', 'roberto', 'bertolle', 'italia', 'italy', 'umbria', 'terni', 'maratona', 'sport', 'podismo', 'maratonina', '40°maratoninadisanvalentino']",40° Maratonina di San Valentino (2020) - 5707,https://www.flickr.com/photos/robertobertolle/49479391307/
169,49479171611,"['robertobertolle', 'robertolle', 'roberto', 'bertolle', 'italia', 'italy', 'umbria', 'terni', 'maratona', 'sport', 'podismo', 'maratonina', '40°maratoninadisanvalentino']",40° Maratonina di San Valentino (2020) - 5706,https://www.flickr.com/photos/robertobertolle/49479171611/
170,49479390702,"['robertobertolle', 'robertolle', 'roberto', 'bertolle', 'italia', 'italy', 'umbria', 'terni', 'maratona', 'sport', 'podismo', 'maratonina', '40°maratoninadisanvalentino']",40° Maratonina di San Valentino (2020) - 5705,https://www.flickr.com/photos/robertobertolle/49479390702/
171,49478688698,"['robertobertolle', 'robertolle', 'roberto', 'bertolle', 'italia', 'italy', 'umbria', 'terni', 'maratona', 'sport', 'podismo', 'maratonina', '40°maratoninadisanvalentino']",40° Maratonina di San Valentino (2020) - 5704,https://www.flickr.com/photos/robertobertolle/49478688698/
172,49479170761,"['robertobertolle', 'robertolle', 'roberto', 'bertolle', 'italia', 'italy', 'umbria', 'terni', 'maratona', 'sport', 'podismo', 'maratonina', '40°maratoninadisanvalentino']",40° Maratonina di San Valentino (2020) - 5703,https://www.flickr.com/photos/robertobertolle/49479170761/
173,49478688208,"['robertobertolle', 'robertolle', 'roberto', 'bertolle', 'italia', 'italy', 'umbria', 'terni', 'maratona', 'sport', 'podismo', 'maratonina', '40°maratoninadisanvalentino']",40° Maratonina di San Valentino (2020) - 5702,https://www.flickr.com/photos/robertobertolle/49478688208/
174,49478688033,"['robertobertolle', 'robertolle', 'roberto', 'bertolle', 'italia', 'italy', 'umbria', 'terni', 'maratona', 'sport', 'podismo', 'maratonina', '40°maratoninadisanvalentino']",40° Maratonina di San Valentino (2020) - 5701,https://www.flickr.com/photos/robertobertolle/49478688033/
175,49478687768,"['robertobertolle', 'robertolle', 'roberto', 'bertolle', 'italia', 'italy', 'umbria', 'terni', 'maratona', 'sport', 'podismo', 'maratonina', '40°maratoninadisanvalentino']",40° Maratonina di San Valentino (2020) - 5700,https://www.flickr.com/photos/robertobertolle/49478687768/
176,49479169836,"['robertobertolle', 'robertolle', 'roberto', 'bertolle', 'italia', 'italy', 'umbria', 'terni', 'maratona', 'sport', 'podismo', 'maratonina', '40°maratoninadisanvalentino']",40° Maratonina di San Valentino (2020) - 5699,https://www.flickr.com/photos/robertobertolle/49479169836/
177,49479389077,"['robertobertolle', 'robertolle', 'roberto', 'bertolle', 'italia', 'italy', 'umbria', 'terni', 'maratona', 'sport', 'podismo', 'maratonina', '40°maratoninadisanvalentino']",40° Maratonina di San Valentino (2020) - 5776,https://www.flickr.com/photos/robertobertolle/49479389077/
178,49479169426,"['robertobertolle', 'robertolle', 'roberto', 'bertolle', 'italia', 'italy', 'umbria', 'terni', 'maratona', 'sport', 'podismo', 'maratonina', '40°maratoninadisanvalentino']",40° Maratonina di San Valentino (2020) - 5778,https://www.flickr.com/photos/robertobertolle/49479169426/
179,49478280491,"['robertobertolle', 'robertolle', 'roberto', 'bertolle', 'italia', 'italy', 'umbria', 'terni', 'maratona', 'sport', 'podismo', 'maratonina', '40°maratoninadisanvalentino']",40° Maratonina di San Valentino (2020) - 5772,https://www.flickr.com/photos/robertobertolle/49478280491/
180,49477797623,"['robertobertolle', 'robertolle', 'roberto', 'bertolle', 'italia', 'italy', 'umbria', 'terni', 'maratona', 'sport', 'podismo', 'maratonina', '40°maratoninadisanvalentino']",40° Maratonina di San Valentino (2020) - 5771,https://www.flickr.com/photos/robertobertolle/49477797623/
181,49477797383,"['robertobertolle', 'robertolle', 'roberto', 'bertolle', 'italia', 'italy', 'umbria', 'terni', 'maratona', 'sport', 'podismo', 'maratonina', '40°maratoninadisanvalentino']",40° Maratonina di San Valentino (2020) - 5770,https://www.flickr.com/photos/robertobertolle/49477797383/
182,49478500177,"['robertobertolle', 'robertolle', 'roberto', 'bertolle', 'italia', 'italy', 'umbria', 'terni', 'maratona', 'sport', 'podismo', 'maratonina', '40°maratoninadisanvalentino']",40° Maratonina di San Valentino (2020) - 5769,https://www.flickr.com/photos/robertobertolle/49478500177/
183,49478499992,"['robertobertolle', 'robertolle', 'roberto', 'bertolle', 'italia', 'italy', 'umbria', 'terni', 'maratona', 'sport', 'podismo', 'maratonina', '40°maratoninadisanvalentino']",40° Maratonina di San Valentino (2020) - 5768,https://www.flickr.com/photos/robertobertolle/49478499992/
184,49478499752,"['robertobertolle', 'robertolle', 'roberto', 'bertolle', 'italia', 'italy', 'umbria', 'terni', 'maratona', 'sport', 'podismo', 'maratonina', '40°maratoninadisanvalentino']",40° Maratonina di San Valentino (2020) - 5767,https://www.flickr.com/photos/robertobertolle/49478499752/
185,49477796453,"['robertobertolle', 'robertolle', 'roberto', 'bertolle', 'italia', 'italy', 'umbria', 'terni', 'maratona', 'sport', 'podismo', 'maratonina', '40°maratoninadisanvalentino']",40° Maratonina di San Valentino (2020) - 5766,https://www.flickr.com/photos/robertobertolle/49477796453/
186,49478278811,"['robertobertolle', 'robertolle', 'roberto', 'bertolle', 'italia', 'italy', 'umbria', 'terni', 'maratona', 'sport', 'podismo', 'maratonina', '40°maratoninadisanvalentino']",40° Maratonina di San Valentino (2020) - 5765,https://www.flickr.com/photos/robertobertolle/49478278811/
187,49477796083,"['robertobertolle', 'robertolle', 'roberto', 'bertolle', 'italia', 'italy', 'umbria', 'terni', 'maratona', 'sport', 'podismo', 'maratonina', '40°maratoninadisanvalentino']",40° Maratonina di San Valentino (2020) - 5764,https://www.flickr.com/photos/robertobertolle/49477796083/
188,49477795878,"['robertobertolle', 'robertolle', 'roberto', 'bertolle', 'italia', 'italy', 'umbria', 'terni', 'maratona', 'sport', 'podismo', 'maratonina', '40°maratoninadisanvalentino']",40° Maratonina di San Valentino (2020) - 5762,https://www.flickr.com/photos/robertobertolle/49477795878/
189,49478278261,"['robertobertolle', 'robertolle', 'roberto', 'bertolle', 'italia', 'italy', 'umbria', 'terni', 'maratona', 'sport', 'podismo', 'maratonina', '40°maratoninadisanvalentino']",40° Maratonina di San Valentino (2020) - 5754,https://www.flickr.com/photos/robertobertolle/49478278261/
190,49478498682,"['robertobertolle', 'robertolle', 'roberto', 'bertolle', 'italia', 'italy', 'umbria', 'terni', 'maratona', 'sport', 'podismo', 'maratonina', '40°maratoninadisanvalentino']",40° Maratonina di San Valentino (2020) - 5752,https://www.flickr.com/photos/robertobertolle/49478498682/
191,49478277966,"['robertobertolle', 'robertolle', 'roberto', 'bertolle', 'italia', 'italy', 'umbria', 'terni', 'maratona', 'sport', 'podismo', 'maratonina', '40°maratoninadisanvalentino']",40° Maratonina di San Valentino (2020) - 5751,https://www.flickr.com/photos/robertobertolle/49478277966/
192,49478498252,"['robertobertolle', 'robertolle', 'roberto', 'bertolle', 'italia', 'italy', 'umbria', 'terni', 'maratona', 'sport', 'podismo', 'maratonina', '40°maratoninadisanvalentino']",40° Maratonina di San Valentino (2020) - 5750,https://www.flickr.com/photos/robertobertolle/49478498252/
193,49477794983,"['robertobertolle', 'robertolle', 'roberto', 'bertolle', 'italia', 'italy', 'umbria', 'terni', 'maratona', 'sport', 'podismo', 'maratonina', '40°maratoninadisanvalentino']",40° Maratonina di San Valentino (2020) - 5749,https://www.flickr.com/photos/robertobertolle/49477794983/
194,49477794708,"['robertobertolle', 'robertolle', 'roberto', 'bertolle', 'italia', 'italy', 'umbria', 'terni', 'maratona', 'sport', 'podismo', 'maratonina', '40°maratoninadisanvalentino']",40° Maratonina di San Valentino (2020) - 5748,https://www.flickr.com/photos/robertobertolle/49477794708/
195,49477794483,"['robertobertolle', 'robertolle', 'roberto', 'bertolle', 'italia', 'italy', 'umbria', 'terni', 'maratona', 'sport', 'podismo', 'maratonina', '40°maratoninadisanvalentino']",40° Maratonina di San Valentino (2020) - 5747,https://www.flickr.com/photos/robertobertolle/49477794483/
196,49478497292,"['robertobertolle', 'robertolle', 'roberto', 'bertolle', 'italia', 'italy', 'umbria', 'terni', 'maratona', 'sport', 'podismo', 'maratonina', '40°maratoninadisanvalentino']",40° Maratonina di San Valentino (2020) - 5746,https://www.flickr.com/photos/robertobertolle/49478497292/
197,49478496937,"['robertobertolle', 'robertolle', 'roberto', 'bertolle', 'italia', 'italy', 'umbria', 'terni', 'maratona', 'sport', 'podismo', 'maratonina', '40°maratoninadisanvalentino']",40° Maratonina di San Valentino (2020) - 5745,https://www.flickr.com/photos/robertobertolle/49478496937/
198,49477793773,"['robertobertolle', 'robertolle', 'roberto', 'bertolle', 'italia', 'italy', 'umbria', 'terni', 'maratona', 'sport', 'podismo', 'maratonina', '40°maratoninadisanvalentino']",40° Maratonina di San Valentino (2020) - 5744,https://www.flickr.com/photos/robertobertolle/49477793773/
199,49477793608,"['robertobertolle', 'robertolle', 'roberto', 'bertolle', 'italia', 'italy', 'umbria', 'terni', 'maratona', 'sport', 'podismo', 'maratonina', '40°maratoninadisanvalentino']",40° Maratonina di San Valentino (2020) - 5742,https://www.flickr.com/photos/robertobertolle/49477793608/
200,49477793413,"['robertobertolle', 'robertolle', 'roberto', 'bertolle', 'italia', 'italy', 'umbria', 'terni', 'maratona', 'sport', 'podismo', 'maratonina', '40°maratoninadisanvalentino']",40° Maratonina di San Valentino (2020) - 5741,https://www.flickr.com/photos/robertobertolle/49477793413/
201,49477793138,"['robertobertolle', 'robertolle', 'roberto', 'bertolle', 'italia', 'italy', 'umbria', 'terni', 'maratona', 'sport', 'podismo', 'maratonina', '40°maratoninadisanvalentino']",40° Maratonina di San Valentino (2020) - 5740,https://www.flickr.com/photos/robertobertolle/49477793138/
202,49478275396,"['robertobertolle', 'robertolle', 'roberto', 'bertolle', 'italia', 'italy', 'umbria', 'terni', 'maratona', 'sport', 'podismo', 'maratonina', '40°maratoninadisanvalentino']",40° Maratonina di San Valentino (2020) - 5739,https://www.flickr.com/photos/robertobertolle/49478275396/
203,49477792538,"['robertobertolle', 'robertolle', 'roberto', 'bertolle', 'italia', 'italy', 'umbria', 'terni', 'maratona', 'sport', 'podismo', 'maratonina', '40°maratoninadisanvalentino']",40° Maratonina di San Valentino (2020) - 5738,https://www.flickr.com/photos/robertobertolle/49477792538/
204,49477792328,"['robertobertolle', 'robertolle', 'roberto', 'bertolle', 'italia', 'italy', 'umbria', 'terni', 'maratona', 'sport', 'podismo', 'maratonina', '40°maratoninadisanvalentino']",40° Maratonina di San Valentino (2020) - 5737,https://www.flickr.com/photos/robertobertolle/49477792328/
205,49478495002,"['robertobertolle', 'robertolle', 'roberto', 'bertolle', 'italia', 'italy', 'umbria', 'terni', 'maratona', 'sport', 'podismo', 'maratonina', '40°maratoninadisanvalentino']",40° Maratonina di San Valentino (2020) - 5736,https://www.flickr.com/photos/robertobertolle/49478495002/
206,49477791843,"['robertobertolle', 'robertolle', 'roberto', 'bertolle', 'italia', 'italy', 'umbria', 'terni', 'maratona', 'sport', 'podismo', 'maratonina', '40°maratoninadisanvalentino']",40° Maratonina di San Valentino (2020) - 5735,https://www.flickr.com/photos/robertobertolle/49477791843/
207,49478494467,"['robertobertolle', 'robertolle', 'roberto', 'bertolle', 'italia', 'italy', 'umbria', 'terni', 'maratona', 'sport', 'podismo', 'maratonina', '40°maratoninadisanvalentino']",40° Maratonina di San Valentino (2020) - 5734,https://www.flickr.com/photos/robertobertolle/49478494467/
208,49477791448,"['robertobertolle', 'robertolle', 'roberto', 'bertolle', 'italia', 'italy', 'umbria', 'terni', 'maratona', 'sport', 'podismo', 'maratonina', '40°maratoninadisanvalentino']",40° Maratonina di San Valentino (2020) - 5733,https://www.flickr.com/photos/robertobertolle/49477791448/
209,49477791178,"['robertobertolle', 'robertolle', 'roberto', 'bertolle', 'italia', 'italy', 'umbria', 'terni', 'maratona', 'sport', 'podismo', 'maratonina', '40°maratoninadisanvalentino']",40° Maratonina di San Valentino (2020) - 5732,https://www.flickr.com/photos/robertobertolle/49477791178/
210,49478273336,"['robertobertolle', 'robertolle', 'roberto', 'bertolle', 'italia', 'italy', 'umbria', 'terni', 'maratona', 'sport', 'podismo', 'maratonina', '40°maratoninadisanvalentino']",40° Maratonina di San Valentino (2020) - 5731,https://www.flickr.com/photos/robertobertolle/49478273336/
211,49477790603,"['robertobertolle', 'robertolle', 'roberto', 'bertolle', 'italia', 'italy', 'umbria', 'terni', 'maratona', 'sport', 'podismo', 'maratonina', '40°maratoninadisanvalentino']",40° Maratonina di San Valentino (2020) - 5730,https://www.flickr.com/photos/robertobertolle/49477790603/
212,49478272781,"['robertobertolle', 'robertolle', 'roberto', 'bertolle', 'italia', 'italy', 'umbria', 'terni', 'maratona', 'sport', 'podismo', 'maratonina', '40°maratoninadisanvalentino']",40° Maratonina di San Valentino (2020) - 5729,https://www.flickr.com/photos/robertobertolle/49478272781/
213,49478492727,"['robertobertolle', 'robertolle', 'roberto', 'bertolle', 'italia', 'italy', 'umbria', 'terni', 'maratona', 'sport', 'podismo', 'maratonina', '40°maratoninadisanvalentino']",40° Maratonina di San Valentino (2020) - 5728,https://www.flickr.com/photos/robertobertolle/49478492727/
214,49478492482,"['robertobertolle', 'robertolle', 'roberto', 'bertolle', 'italia', 'italy', 'umbria', 'terni', 'maratona', 'sport', 'podismo', 'maratonina', '40°maratoninadisanvalentino']",40° Maratonina di San Valentino (2020) - 5727,https://www.flickr.com/photos/robertobertolle/49478492482/
215,49478492237,"['robertobertolle', 'robertolle', 'roberto', 'bertolle', 'italia', 'italy', 'umbria', 'terni', 'maratona', 'sport', 'podismo', 'maratonina', '40°maratoninadisanvalentino']",40° Maratonina di San Valentino (2020) - 5726,https://www.flickr.com/photos/robertobertolle/49478492237/
216,49478271766,"['robertobertolle', 'robertolle', 'roberto', 'bertolle', 'italia', 'italy', 'umbria', 'terni', 'maratona', 'sport', 'podismo', 'maratonina', '40°maratoninadisanvalentino']",40° Maratonina di San Valentino (2020) - 5725,https://www.flickr.com/photos/robertobertolle/49478271766/
217,49477788963,"['robertobertolle', 'robertolle', 'roberto', 'bertolle', 'italia', 'italy', 'umbria', 'terni', 'maratona', 'sport', 'podismo', 'maratonina', '40°maratoninadisanvalentino']",40° Maratonina di San Valentino (2020) - 5773,https://www.flickr.com/photos/robertobertolle/49477788963/
218,49478271066,"['robertobertolle', 'robertolle', 'roberto', 'bertolle', 'italia', 'italy', 'umbria', 'terni', 'maratona', 'sport', 'podismo', 'maratonina', '40°maratoninadisanvalentino']",40° Maratonina di San Valentino (2020) - 5774,https://www.flickr.com/photos/robertobertolle/49478271066/
219,49477788588,"['robertobertolle', 'robertolle', 'roberto', 'bertolle', 'italia', 'italy', 'umbria', 'terni', 'maratona', 'sport', 'podismo', 'maratonina', '40°maratoninadisanvalentino']",40° Maratonina di San Valentino (2020) - 5775,https://www.flickr.com/photos/robertobertolle/49477788588/
220,49478270546,"['robertobertolle', 'robertolle', 'roberto', 'bertolle', 'italia', 'italy', 'umbria', 'terni', 'maratona', 'sport', 'podismo', 'maratonina', '40°maratoninadisanvalentino']",40° Maratonina di San Valentino (2020) - 5777,https://www.flickr.com/photos/robertobertolle/49478270546/
221,49478485877,"['robertobertolle', 'robertolle', 'roberto', 'bertolle', 'italia', 'italy', 'umbria', 'terni', 'maratona', 'sport', 'podismo', 'maratonina', '40°maratoninadisanvalentino']",40° Maratonina di San Valentino (2020) - 5838,https://www.flickr.com/photos/robertobertolle/49478485877/
222,49478485667,"['robertobertolle', 'robertolle', 'roberto', 'bertolle', 'italia', 'italy', 'umbria', 'terni', 'maratona', 'sport', 'podismo', 'maratonina', '40°maratoninadisanvalentino']",40° Maratonina di San Valentino (2020) - 5837,https://www.flickr.com/photos/robertobertolle/49478485667/
223,49478485407,"['robertobertolle', 'robertolle', 'roberto', 'bertolle', 'italia', 'italy', 'umbria', 'terni', 'maratona', 'sport', 'podismo', 'maratonina', '40°maratoninadisanvalentino']",40° Maratonina di San Valentino (2020) - 5836,https://www.flickr.com/photos/robertobertolle/49478485407/
224,49478265426,"['robertobertolle', 'robertolle', 'roberto', 'bertolle', 'italia', 'italy', 'umbria', 'terni', 'maratona', 'sport', 'podismo', 'maratonina', '40°maratoninadisanvalentino']",40° Maratonina di San Valentino (2020) - 5835,https://www.flickr.com/photos/robertobertolle/49478265426/
225,49478265161,"['robertobertolle', 'robertolle', 'roberto', 'bertolle', 'italia', 'italy', 'umbria', 'terni', 'maratona', 'sport', 'podismo', 'maratonina', '40°maratoninadisanvalentino']",40° Maratonina di San Valentino (2020) - 5834,https://www.flickr.com/photos/robertobertolle/49478265161/
226,49478264956,"['robertobertolle', 'robertolle', 'roberto', 'bertolle', 'italia', 'italy', 'umbria', 'terni', 'maratona', 'sport', 'podismo', 'maratonina', '40°maratoninadisanvalentino']",40° Maratonina di San Valentino (2020) - 5833,https://www.flickr.com/photos/robertobertolle/49478264956/
227,49478484472,"['robertobertolle', 'robertolle', 'roberto', 'bertolle', 'italia', 'italy', 'umbria', 'terni', 'maratona', 'sport', 'podismo', 'maratonina', '40°maratoninadisanvalentino']",40° Maratonina di San Valentino (2020) - 5832,https://www.flickr.com/photos/robertobertolle/49478484472/
228,49478264621,"['robertobertolle', 'robertolle', 'roberto', 'bertolle', 'italia', 'italy', 'umbria', 'terni', 'maratona', 'sport', 'podismo', 'maratonina', '40°maratoninadisanvalentino']",40° Maratonina di San Valentino (2020) - 5831,https://www.flickr.com/photos/robertobertolle/49478264621/
229,49478264361,"['robertobertolle', 'robertolle', 'roberto', 'bertolle', 'italia', 'italy', 'umbria', 'terni', 'maratona', 'sport', 'podismo', 'maratonina', '40°maratoninadisanvalentino']",40° Maratonina di San Valentino (2020) - 5830,https://www.flickr.com/photos/robertobertolle/49478264361/
230,49477781723,"['robertobertolle', 'robertolle', 'roberto', 'bertolle', 'italia', 'italy', 'umbria', 'terni', 'maratona', 'sport', 'podismo', 'maratonina', '40°maratoninadisanvalentino']",40° Maratonina di San Valentino (2020) - 5829,https://www.flickr.com/photos/robertobertolle/49477781723/
231,49478483522,"['robertobertolle', 'robertolle', 'roberto', 'bertolle', 'italia', 'italy', 'umbria', 'terni', 'maratona', 'sport', 'podismo', 'maratonina', '40°maratoninadisanvalentino']",40° Maratonina di San Valentino (2020) - 5828,https://www.flickr.com/photos/robertobertolle/49478483522/
232,49477781308,"['robertobertolle', 'robertolle', 'roberto', 'bertolle', 'italia', 'italy', 'umbria', 'terni', 'maratona', 'sport', 'podismo', 'maratonina', '40°maratoninadisanvalentino']",40° Maratonina di San Valentino (2020) - 5827,https://www.flickr.com/photos/robertobertolle/49477781308/
233,49478483027,"['robertobertolle', 'robertolle', 'roberto', 'bertolle', 'italia', 'italy', 'umbria', 'terni', 'maratona', 'sport', 'podismo', 'maratonina', '40°maratoninadisanvalentino']",40° Maratonina di San Valentino (2020) - 5826,https://www.flickr.com/photos/robertobertolle/49478483027/
234,49477780893,"['robertobertolle', 'robertolle', 'roberto', 'bertolle', 'italia', 'italy', 'umbria', 'terni', 'maratona', 'sport', 'podismo', 'maratonina', '40°maratoninadisanvalentino']",40° Maratonina di San Valentino (2020) - 5825,https://www.flickr.com/photos/robertobertolle/49477780893/
235,49477780668,"['robertobertolle', 'robertolle', 'roberto', 'bertolle', 'italia', 'italy', 'umbria', 'terni', 'maratona', 'sport', 'podismo', 'maratonina', '40°maratoninadisanvalentino']",40° Maratonina di San Valentino (2020) - 5824,https://www.flickr.com/photos/robertobertolle/49477780668/
236,49478482372,"['robertobertolle', 'robertolle', 'roberto', 'bertolle', 'italia', 'italy', 'umbria', 'terni', 'maratona', 'sport', 'podismo', 'maratonina', '40°maratoninadisanvalentino']",40° Maratonina di San Valentino (2020) - 5823,https://www.flickr.com/photos/robertobertolle/49478482372/
237,49478262436,"['robertobertolle', 'robertolle', 'roberto', 'bertolle', 'italia', 'italy', 'umbria', 'terni', 'maratona', 'sport', 'podismo', 'maratonina', '40°maratoninadisanvalentino']",40° Maratonina di San Valentino (2020) - 5822,https://www.flickr.com/photos/robertobertolle/49478262436/
238,49478481827,"['robertobertolle', 'robertolle', 'roberto', 'bertolle', 'italia', 'italy', 'umbria', 'terni', 'maratona', 'sport', 'podismo', 'maratonina', '40°maratoninadisanvalentino']",40° Maratonina di San Valentino (2020) - 5821,https://www.flickr.com/photos/robertobertolle/49478481827/
239,49477779488,"['robertobertolle', 'robertolle', 'roberto', 'bertolle', 'italia', 'italy', 'umbria', 'terni', 'maratona', 'sport', 'podismo', 'maratonina', '40°maratoninadisanvalentino']",40° Maratonina di San Valentino (2020) - 5820,https://www.flickr.com/photos/robertobertolle/49477779488/
240,49478481087,"['robertobertolle', 'robertolle', 'roberto', 'bertolle', 'italia', 'italy', 'umbria', 'terni', 'maratona', 'sport', 'podismo', 'maratonina', '40°maratoninadisanvalentino']",40° Maratonina di San Valentino (2020) - 5819,https://www.flickr.com/photos/robertobertolle/49478481087/
241,49478480812,"['robertobertolle', 'robertolle', 'roberto', 'bertolle', 'italia', 'italy', 'umbria', 'terni', 'maratona', 'sport', 'podismo', 'maratonina', '40°maratoninadisanvalentino']",40° Maratonina di San Valentino (2020) - 5818,https://www.flickr.com/photos/robertobertolle/49478480812/
242,49478480467,"['robertobertolle', 'robertolle', 'roberto', 'bertolle', 'italia', 'italy', 'umbria', 'terni', 'maratona', 'sport', 'podismo', 'maratonina', '40°maratoninadisanvalentino']",40° Maratonina di San Valentino (2020) - 5817,https://www.flickr.com/photos/robertobertolle/49478480467/
243,49478480212,"['robertobertolle', 'robertolle', 'roberto', 'bertolle', 'italia', 'italy', 'umbria', 'terni', 'maratona', 'sport', 'podismo', 'maratonina', '40°maratoninadisanvalentino']",40° Maratonina di San Valentino (2020) - 5816,https://www.flickr.com/photos/robertobertolle/49478480212/
244,49477777818,"['robertobertolle', 'robertolle', 'roberto', 'bertolle', 'italia', 'italy', 'umbria', 'terni', 'maratona', 'sport', 'podismo', 'maratonina', '40°maratoninadisanvalentino']",40° Maratonina di San Valentino (2020) - 5815,https://www.flickr.com/photos/robertobertolle/49477777818/
245,49478259711,"['robertobertolle', 'robertolle', 'roberto', 'bertolle', 'italia', 'italy', 'umbria', 'terni', 'maratona', 'sport', 'podismo', 'maratonina', '40°maratoninadisanvalentino']",40° Maratonina di San Valentino (2020) - 5814,https://www.flickr.com/photos/robertobertolle/49478259711/
246,49478259476,"['robertobertolle', 'robertolle', 'roberto', 'bertolle', 'italia', 'italy', 'umbria', 'terni', 'maratona', 'sport', 'podismo', 'maratonina', '40°maratoninadisanvalentino']",40° Maratonina di San Valentino (2020) - 5813,https://www.flickr.com/photos/robertobertolle/49478259476/
247,49478479042,"['robertobertolle', 'robertolle', 'roberto', 'bertolle', 'italia', 'italy', 'umbria', 'terni', 'maratona', 'sport', 'podismo', 'maratonina', '40°maratoninadisanvalentino']",40° Maratonina di San Valentino (2020) - 5812,https://www.flickr.com/photos/robertobertolle/49478479042/
248,49478259021,"['robertobertolle', 'robertolle', 'roberto', 'bertolle', 'italia', 'italy', 'umbria', 'terni', 'maratona', 'sport', 'podismo', 'maratonina', '40°maratoninadisanvalentino']",40° Maratonina di San Valentino (2020) - 5811,https://www.flickr.com/photos/robertobertolle/49478259021/
249,49478478662,"['robertobertolle', 'robertolle', 'roberto', 'bertolle', 'italia', 'italy', 'umbria', 'terni', 'maratona', 'sport', 'podismo', 'maratonina', '40°maratoninadisanvalentino']",40° Maratonina di San Valentino (2020) - 5810,https://www.flickr.com/photos/robertobertolle/49478478662/
